priors_count,two_year_recid,gender_factor,age_factor,race_factor,crime_factor,target,Predictions,,,,,,,,,
0,1,1,3,2,1,2,1,,,,,,,,,
5,0,1,1,2,1,2,2,,,,,,,,Protected,Protected Prime
3,0,1,2,2,1,1,1,,,5,2,,0.4,,5,6
1,0,1,2,2,2,1,1,,,167,48,,0.28742515,,,
16,0,1,1,1,2,2,2,,,,,,0.11257485,,,
6,0,1,1,1,1,1,2,,,,,,,,,
4,0,1,1,2,1,2,1,,,,,,,,,
2,0,1,1,2,2,1,1,,,,,,,,,
1,1,1,3,1,1,1,2,,,,,,,,,
4,1,2,1,1,2,2,1,,,,,,,,,
7,1,1,1,1,1,2,2,,,,,,,,,
3,0,1,1,1,1,1,1,,,,,,,,,
1,0,1,3,2,1,2,1,,,,,,,,,
14,1,1,1,2,1,2,2,,,,,,,,,
1,1,1,1,6,2,1,1,,,,,,,,,
2,0,1,1,2,1,1,1,,,,,,,,,
4,1,1,3,1,2,2,2,,,,,,,,,
0,1,1,2,1,2,1,1,,,,,,,,,
5,0,1,1,2,1,2,2,,,,,,,,,
1,0,2,3,2,1,2,1,,,,,,,,,
12,1,1,2,1,1,1,2,,,,,,,,,
1,0,1,1,2,1,1,1,,,,,,,,,
2,0,1,1,1,2,1,1,,,,,,,,,
9,1,1,1,2,1,2,2,,,,,,,,,
1,1,1,1,2,2,2,1,,,,,,,,,
10,1,2,1,4,1,1,2,,,,,,,,,
2,0,1,2,2,1,1,1,,,,,,,,,
1,1,1,1,1,1,1,1,,,,,,,,,
8,1,1,1,2,2,2,2,,,,,,,,,
0,0,1,2,1,2,1,1,,,,,,,,,
1,0,2,1,2,2,1,1,,,,,,,,,
5,0,1,1,2,1,1,2,,,,,,,,,
0,0,1,1,2,2,1,1,,,,,,,,,
0,1,1,3,2,1,2,1,,,,,,,,,
13,0,1,2,1,1,1,2,,,,,,,,,
1,0,1,1,1,1,2,1,,,,,,,,,
0,1,1,2,2,2,2,1,,,,,,,,,
12,1,1,1,2,1,2,2,,,,,,,,,
0,0,1,1,2,1,1,1,,,,,,,,,
7,0,1,1,2,1,2,2,,,,,,,,,
0,0,1,1,1,2,1,1,,,,,,,,,
17,1,1,1,4,1,2,2,,,,,,,,,
0,0,1,1,2,1,1,1,,,,,,,,,
0,0,1,2,2,1,1,1,,,,,,,,,
1,1,1,1,1,2,1,1,,,,,,,,,
2,1,1,3,1,1,2,2,,,,,,,,,
1,0,1,3,1,2,1,2,,,,,,,,,
2,1,2,1,1,1,2,1,,,,,,,,,
2,0,1,2,1,1,1,1,,,,,,,,,
4,0,1,2,6,1,1,1,,,,,,,,,
1,0,1,1,2,1,1,1,,,,,,,,,
3,0,1,2,2,1,2,1,,,,,,,,,
5,1,1,1,2,2,2,2,,,,,,,,,
5,1,1,1,2,1,1,2,,,,,,,,,
1,0,1,1,2,1,1,1,,,,,,,,,
1,1,1,2,1,1,1,1,,,,,,,,,
1,1,2,1,1,1,2,1,,,,,,,,,
3,1,1,3,2,1,1,1,,,,,,,,,
1,1,1,3,2,2,1,1,,,,,,,,,
13,1,1,1,2,1,2,2,,,,,,,,,
3,0,2,1,2,2,1,1,,,,,,,,,
7,1,1,1,2,1,2,2,,,,,,,,,
0,1,1,3,2,2,2,1,,,,,,,,,
0,1,1,2,2,1,2,1,,,,,,,,,
11,0,1,1,2,1,2,2,,,,,,,,,
2,1,1,1,2,1,1,1,,,,,,,,,
2,1,1,1,1,1,1,1,,,,,,,,,
8,0,2,1,2,1,2,2,,,,,,,,,
2,0,2,1,4,2,1,1,,,,,,,,,
0,0,1,1,2,2,1,1,,,,,,,,,
2,1,1,1,2,1,2,1,,,,,,,,,
0,1,2,3,2,1,1,1,,,,,,,,,
2,1,1,1,1,2,1,1,,,,,,,,,
8,1,1,1,2,1,2,2,,,,,,,,,
2,0,2,1,2,2,1,1,,,,,,,,,
0,0,1,1,2,1,2,1,,,,,,,,,
2,0,1,1,4,1,1,1,,,,,,,,,
1,1,1,1,1,1,1,1,,,,,,,,,
0,0,2,1,2,1,1,1,,,,,,,,,
2,1,2,1,1,1,1,1,,,,,,,,,
2,1,1,3,2,1,2,1,,,,,,,,,
2,1,2,1,1,1,2,1,,,,,,,,,
1,0,2,3,4,1,2,2,,,,,,,,,
1,0,1,1,4,2,1,1,,,,,,,,,
8,0,1,1,2,2,1,2,,,,,,,,,
3,1,1,3,2,1,2,1,,,,,,,,,
0,0,1,3,1,2,2,2,,,,,,,,,
4,1,1,1,1,1,2,1,,,,,,,,,
3,1,1,3,2,1,2,1,,,,,,,,,
0,1,2,1,1,1,1,1,,,,,,,,,
23,1,1,2,2,1,2,2,,,,,,,,,
2,1,1,1,6,1,1,1,,,,,,,,,
1,1,1,3,2,2,2,1,,,,,,,,,
0,0,2,3,6,2,1,2,,,,,,,,,
0,1,1,1,1,1,1,1,,,,,,,,,
0,0,1,1,2,1,1,1,,,,,,,,,
4,0,1,1,1,1,1,1,,,,,,,,,
14,1,1,2,1,1,1,2,,,,,,,,,
1,1,1,2,4,1,1,1,,,,,,,,,
0,1,1,1,1,2,1,1,,,,,,,,,
14,1,1,1,2,2,2,2,,,,,,,,,
2,0,1,2,2,2,2,1,,,,,,,,,
0,1,1,1,1,1,1,1,,,,,,,,,
11,1,1,1,2,2,2,2,,,,,,,,,
0,0,1,1,1,1,1,1,,,,,,,,,
2,0,1,1,4,2,1,1,,,,,,,,,
0,0,1,2,6,2,1,1,,,,,,,,,
1,0,1,3,2,1,2,1,,,,,,,,,
0,0,1,1,1,2,1,1,,,,,,,,,
3,0,2,1,2,1,2,1,,,,,,,,,
9,1,1,2,1,1,1,2,,,,,,,,,
1,0,2,1,2,2,1,1,,,,,,,,,
1,0,1,2,1,1,1,1,,,,,,,,,
26,1,1,1,2,1,2,2,,,,,,,,,
1,1,1,1,6,1,1,1,,,,,,,,,
0,1,2,3,1,1,2,2,,,,,,,,,
3,1,1,3,2,1,2,1,,,,,,,,,
5,0,1,1,2,2,2,2,,,,,,,,,
3,1,1,1,1,2,1,1,,,,,,,,,
0,0,2,1,4,2,1,1,,,,,,,,,
0,0,1,1,2,2,1,1,,,,,,,,,
2,0,1,1,3,1,1,1,,,,,,,,,
0,0,1,1,6,2,1,1,,,,,,,,,
0,0,1,1,2,1,1,1,,,,,,,,,
11,0,1,1,2,1,2,2,,,,,,,,,
0,0,1,2,2,2,1,1,,,,,,,,,
3,0,1,1,1,1,2,1,,,,,,,,,
2,1,1,3,2,1,1,1,,,,,,,,,
1,0,1,3,2,1,2,1,,,,,,,,,
0,0,1,1,1,1,1,1,,,,,,,,,
2,1,1,3,2,1,2,1,,,,,,,,,
1,1,1,3,2,1,1,1,,,,,,,,,
1,1,1,1,1,1,1,1,,,,,,,,,
0,0,1,1,6,1,1,1,,,,,,,,,
0,0,2,1,1,1,1,1,,,,,,,,,
0,0,2,1,1,2,1,1,,,,,,,,,
0,0,2,1,4,1,1,1,,,,,,,,,
0,1,1,2,2,1,1,1,,,,,,,,,
2,1,1,1,2,1,1,1,,,,,,,,,
7,1,2,1,1,1,2,2,,,,,,,,,
2,0,1,1,2,1,2,1,,,,,,,,,
3,0,1,1,2,2,2,1,,,,,,,,,
1,1,1,1,6,2,1,1,,,,,,,,,
0,0,2,2,1,1,1,1,,,,,,,,,
0,1,1,3,2,1,2,1,,,,,,,,,
1,0,1,1,2,1,1,1,,,,,,,,,
6,0,1,3,2,1,2,1,,,,,,,,,
2,0,1,3,1,2,1,2,,,,,,,,,
13,1,1,1,2,2,2,2,,,,,,,,,
0,1,1,3,2,1,1,1,,,,,,,,,
1,1,1,2,1,1,1,1,,,,,,,,,
0,0,1,3,3,2,1,2,,,,,,,,,
1,0,1,1,3,1,1,1,,,,,,,,,
0,0,2,2,1,2,1,1,,,,,,,,,
6,1,1,3,2,1,2,1,,,,,,,,,
6,1,1,1,2,2,2,2,,,,,,,,,
4,1,1,3,1,2,1,2,,,,,,,,,
3,0,1,2,2,1,1,1,,,,,,,,,
4,1,1,1,2,1,2,1,,,,,,,,,
0,0,1,1,2,1,1,1,,,,,,,,,
8,1,1,1,2,1,2,2,,,,,,,,,
0,0,1,1,2,2,1,1,,,,,,,,,
1,1,2,2,4,1,1,1,,,,,,,,,
1,0,1,1,2,2,1,1,,,,,,,,,
0,0,1,2,1,2,1,1,,,,,,,,,
4,1,1,1,1,1,2,1,,,,,,,,,
0,1,1,2,4,2,1,1,,,,,,,,,
2,0,1,2,2,2,2,1,,,,,,,,,
2,0,1,3,1,1,2,2,,,,,,,,,
3,0,1,1,1,2,2,1,,,,,,,,,
2,0,1,2,1,1,1,1,,,,,,,,,
1,1,1,1,1,1,1,1,,,,,,,,,
16,1,1,2,2,1,2,2,,,,,,,,,
0,0,1,2,1,2,2,1,,,,,,,,,
0,0,1,2,1,2,1,1,,,,,,,,,
1,1,1,3,4,1,2,2,,,,,,,,,
4,1,1,1,2,2,2,1,,,,,,,,,
3,1,1,1,4,1,1,1,,,,,,,,,
7,1,1,1,2,2,1,2,,,,,,,,,
0,1,1,1,2,2,1,1,,,,,,,,,
4,1,1,3,2,1,2,1,,,,,,,,,
1,1,1,1,1,2,1,1,,,,,,,,,
0,0,1,1,2,2,2,1,,,,,,,,,
2,0,1,1,2,1,2,1,,,,,,,,,
0,0,1,1,2,2,1,1,,,,,,,,,
1,0,2,1,2,2,1,1,,,,,,,,,
1,0,1,3,2,1,1,1,,,,,,,,,
13,1,1,1,2,1,2,2,,,,,,,,,
4,0,1,1,6,1,1,1,,,,,,,,,
1,1,1,1,2,1,1,1,,,,,,,,,
2,0,1,1,2,2,1,1,,,,,,,,,
2,0,1,1,2,1,2,1,,,,,,,,,
1,0,1,2,1,1,1,1,,,,,,,,,
6,0,1,1,2,1,2,2,,,,,,,,,
2,0,1,2,4,1,1,1,,,,,,,,,
1,0,2,1,2,1,2,1,,,,,,,,,
0,1,2,1,2,2,1,1,,,,,,,,,
0,1,1,3,2,1,2,1,,,,,,,,,
1,0,1,3,1,1,1,2,,,,,,,,,
4,1,2,1,2,1,2,1,,,,,,,,,
1,1,1,1,4,1,1,1,,,,,,,,,
0,0,1,2,1,2,1,1,,,,,,,,,
0,0,1,1,1,2,1,1,,,,,,,,,
3,0,1,3,2,1,2,1,,,,,,,,,
7,0,1,2,1,1,1,2,,,,,,,,,
0,1,1,1,2,1,2,1,,,,,,,,,
7,1,1,1,2,1,2,2,,,,,,,,,
8,0,1,1,2,1,1,2,,,,,,,,,
11,1,1,1,1,1,2,2,,,,,,,,,
3,1,2,3,1,2,2,2,,,,,,,,,
0,1,1,2,2,1,1,1,,,,,,,,,
1,1,1,1,2,1,2,1,,,,,,,,,
2,0,1,3,2,1,2,1,,,,,,,,,
1,1,1,1,1,1,2,1,,,,,,,,,
0,1,1,3,2,1,1,1,,,,,,,,,
2,0,1,1,4,2,1,1,,,,,,,,,
0,0,1,1,2,1,1,1,,,,,,,,,
1,1,2,1,2,1,1,1,,,,,,,,,
0,1,1,3,2,1,2,1,,,,,,,,,
3,1,1,3,2,1,2,1,,,,,,,,,
28,1,1,1,2,1,2,2,,,,,,,,,
3,0,1,2,2,1,2,1,,,,,,,,,
0,0,1,3,2,2,2,1,,,,,,,,,
2,0,1,2,2,1,1,1,,,,,,,,,
9,1,1,1,2,1,2,2,,,,,,,,,
1,0,1,2,4,1,1,1,,,,,,,,,
0,0,1,1,1,1,2,1,,,,,,,,,
0,1,2,1,1,1,2,1,,,,,,,,,
1,0,1,2,2,1,1,1,,,,,,,,,
1,1,2,3,2,1,1,1,,,,,,,,,
0,1,2,2,1,2,1,1,,,,,,,,,
0,0,1,2,1,1,2,1,,,,,,,,,
0,0,2,3,1,1,2,2,,,,,,,,,
1,1,1,2,1,1,2,1,,,,,,,,,
16,1,1,1,2,2,2,2,,,,,,,,,
0,1,1,2,1,2,1,1,,,,,,,,,
3,1,1,2,2,2,2,1,,,,,,,,,
4,1,1,1,2,1,2,1,,,,,,,,,
8,0,1,1,2,2,2,2,,,,,,,,,
1,1,2,3,2,1,2,1,,,,,,,,,
2,1,1,1,2,1,1,1,,,,,,,,,
0,0,2,2,4,2,1,1,,,,,,,,,
1,0,1,3,1,1,1,2,,,,,,,,,
0,0,2,1,6,1,1,1,,,,,,,,,
0,0,1,2,4,1,1,1,,,,,,,,,
9,1,1,3,2,2,2,1,,,,,,,,,
0,0,2,3,2,1,2,1,,,,,,,,,
1,1,1,3,2,1,1,1,,,,,,,,,
5,1,1,1,2,1,2,2,,,,,,,,,
5,0,1,1,2,2,2,2,,,,,,,,,
0,0,1,2,1,1,1,1,,,,,,,,,
0,1,1,3,2,1,1,1,,,,,,,,,
11,1,1,1,2,1,1,2,,,,,,,,,
1,0,2,1,2,1,1,1,,,,,,,,,
1,0,1,2,6,1,1,1,,,,,,,,,
0,0,1,1,2,1,2,1,,,,,,,,,
10,1,1,3,2,1,2,1,,,,,,,,,
2,0,1,1,4,1,1,1,,,,,,,,,
0,1,1,3,2,1,2,1,,,,,,,,,
22,0,1,2,2,2,2,2,,,,,,,,,
2,0,1,1,2,1,2,1,,,,,,,,,
0,0,1,2,1,2,1,1,,,,,,,,,
1,0,1,1,2,2,1,1,,,,,,,,,
1,0,2,1,1,2,1,1,,,,,,,,,
0,0,1,1,2,1,1,1,,,,,,,,,
7,1,1,1,2,1,1,2,,,,,,,,,
0,0,1,2,4,1,1,1,,,,,,,,,
19,0,1,2,2,1,2,2,,,,,,,,,
6,0,1,2,2,1,1,2,,,,,,,,,
3,1,1,3,2,1,2,1,,,,,,,,,
1,1,1,3,2,1,1,1,,,,,,,,,
12,1,1,1,2,1,2,2,,,,,,,,,
0,1,1,3,4,1,2,2,,,,,,,,,
0,1,1,2,1,2,1,1,,,,,,,,,
0,1,1,3,4,1,1,2,,,,,,,,,
0,1,1,2,2,2,1,1,,,,,,,,,
0,1,2,3,4,2,1,2,,,,,,,,,
1,1,1,3,2,1,2,1,,,,,,,,,
7,1,1,1,2,2,2,2,,,,,,,,,
7,1,2,1,2,1,1,2,,,,,,,,,
4,0,2,1,2,1,1,1,,,,,,,,,
1,0,1,2,2,1,1,1,,,,,,,,,
17,1,1,1,2,1,2,2,,,,,,,,,
3,1,1,1,1,2,2,1,,,,,,,,,
6,1,2,1,2,1,2,2,,,,,,,,,
5,1,1,1,1,1,2,2,,,,,,,,,
0,1,1,3,6,1,1,2,,,,,,,,,
2,0,2,3,1,1,2,2,,,,,,,,,
3,0,1,1,2,1,2,1,,,,,,,,,
1,1,2,1,1,2,1,1,,,,,,,,,
0,0,1,2,2,1,2,1,,,,,,,,,
0,0,2,1,1,2,1,1,,,,,,,,,
3,0,1,1,2,1,1,1,,,,,,,,,
0,0,1,1,1,1,1,1,,,,,,,,,
0,0,2,3,2,2,2,1,,,,,,,,,
0,0,1,2,6,1,1,1,,,,,,,,,
0,1,1,1,2,1,2,1,,,,,,,,,
0,1,1,1,2,2,2,1,,,,,,,,,
2,1,1,1,4,2,1,1,,,,,,,,,
14,1,1,1,2,1,2,2,,,,,,,,,
2,1,1,2,1,1,1,1,,,,,,,,,
4,1,1,1,4,1,1,1,,,,,,,,,
0,0,1,3,2,1,1,1,,,,,,,,,
9,0,1,1,2,1,2,2,,,,,,,,,
6,1,1,1,2,1,2,2,,,,,,,,,
2,1,1,3,1,2,2,2,,,,,,,,,
0,1,2,1,6,2,1,1,,,,,,,,,
0,0,1,3,6,2,2,2,,,,,,,,,
0,0,1,3,2,1,2,1,,,,,,,,,
0,0,1,1,4,2,1,1,,,,,,,,,
3,1,1,2,1,1,1,1,,,,,,,,,
0,1,2,1,1,1,1,1,,,,,,,,,
0,1,1,3,2,1,1,1,,,,,,,,,
1,0,1,1,6,2,1,1,,,,,,,,,
10,1,1,1,2,1,2,2,,,,,,,,,
1,1,1,1,1,1,1,1,,,,,,,,,
3,1,1,3,2,1,2,1,,,,,,,,,
0,0,1,1,2,1,1,1,,,,,,,,,
7,1,1,2,1,1,1,2,,,,,,,,,
1,0,2,2,2,1,1,1,,,,,,,,,
17,1,1,1,1,1,1,2,,,,,,,,,
2,0,1,3,6,2,2,2,,,,,,,,,
0,0,2,1,1,2,1,1,,,,,,,,,
0,0,1,1,1,1,1,1,,,,,,,,,
1,1,1,3,2,1,2,1,,,,,,,,,
2,1,1,1,4,1,1,1,,,,,,,,,
5,0,1,1,1,2,2,2,,,,,,,,,
6,0,1,1,2,1,1,2,,,,,,,,,
0,0,1,1,1,1,1,1,,,,,,,,,
1,1,1,3,2,1,2,1,,,,,,,,,
0,1,1,1,1,1,1,1,,,,,,,,,
1,0,1,2,1,1,1,1,,,,,,,,,
0,0,2,3,2,2,1,1,,,,,,,,,
0,1,1,3,1,2,2,2,,,,,,,,,
0,1,1,3,1,1,2,2,,,,,,,,,
0,0,1,1,6,1,1,1,,,,,,,,,
7,0,1,2,6,1,1,2,,,,,,,,,
3,0,1,2,1,2,1,1,,,,,,,,,
11,1,1,1,2,1,2,2,,,,,,,,,
1,0,1,3,2,2,1,1,,,,,,,,,
3,0,1,2,2,1,1,1,,,,,,,,,
27,1,1,1,2,2,2,2,,,,,,,,,
1,0,1,3,1,2,1,2,,,,,,,,,
1,0,1,2,1,2,1,1,,,,,,,,,
0,0,1,1,1,1,1,1,,,,,,,,,
0,0,1,2,1,2,1,1,,,,,,,,,
9,0,1,2,1,1,2,2,,,,,,,,,
3,0,1,3,1,1,2,2,,,,,,,,,
12,0,1,2,2,2,2,2,,,,,,,,,
1,0,1,2,1,1,1,1,,,,,,,,,
0,0,1,3,2,1,1,1,,,,,,,,,
5,0,1,2,1,2,1,2,,,,,,,,,
2,0,1,2,2,2,2,1,,,,,,,,,
4,0,1,2,1,1,1,1,,,,,,,,,
6,1,1,1,2,1,2,2,,,,,,,,,
0,0,1,2,1,1,1,1,,,,,,,,,
0,1,1,3,2,1,2,1,,,,,,,,,
0,0,1,1,2,1,2,1,,,,,,,,,
0,0,1,2,2,2,1,1,,,,,,,,,
0,0,1,1,4,1,1,1,,,,,,,,,
3,0,1,1,2,2,1,1,,,,,,,,,
3,0,1,2,1,1,1,1,,,,,,,,,
1,1,1,1,1,1,1,1,,,,,,,,,
0,0,2,1,1,2,1,1,,,,,,,,,
9,1,1,1,2,1,2,2,,,,,,,,,
0,0,2,1,4,1,1,1,,,,,,,,,
0,1,1,3,2,2,1,1,,,,,,,,,
1,1,1,1,2,2,1,1,,,,,,,,,
10,1,1,1,2,1,2,2,,,,,,,,,
0,0,1,1,2,2,1,1,,,,,,,,,
0,1,1,3,2,2,1,1,,,,,,,,,
0,0,2,1,1,2,1,1,,,,,,,,,
0,0,2,1,1,2,1,1,,,,,,,,,
4,0,1,1,1,1,2,1,,,,,,,,,
2,1,1,2,2,1,1,1,,,,,,,,,
3,1,1,2,1,2,1,1,,,,,,,,,
2,0,2,1,4,1,1,1,,,,,,,,,
4,1,1,1,2,2,1,1,,,,,,,,,
1,0,2,1,1,2,1,1,,,,,,,,,
2,1,2,3,2,2,2,1,,,,,,,,,
12,1,1,1,2,1,2,2,,,,,,,,,
0,0,1,3,1,1,1,2,,,,,,,,,
0,0,2,2,1,2,1,1,,,,,,,,,
0,0,1,1,2,1,2,1,,,,,,,,,
5,1,2,1,2,1,2,2,,,,,,,,,
0,0,1,1,2,1,1,1,,,,,,,,,
1,0,2,1,1,2,1,1,,,,,,,,,
0,0,2,2,1,1,2,1,,,,,,,,,
1,1,2,1,1,1,1,1,,,,,,,,,
0,0,1,1,2,2,2,1,,,,,,,,,
0,0,1,2,4,2,1,1,,,,,,,,,
1,1,1,1,6,1,1,1,,,,,,,,,
0,0,1,3,2,1,2,1,,,,,,,,,
2,0,1,2,1,1,1,1,,,,,,,,,
1,0,1,2,1,1,1,1,,,,,,,,,
8,1,1,3,2,1,2,1,,,,,,,,,
19,1,1,1,2,1,2,2,,,,,,,,,
0,0,1,1,1,2,1,1,,,,,,,,,
2,1,2,3,2,1,2,1,,,,,,,,,
4,0,1,1,4,1,1,1,,,,,,,,,
4,0,1,2,2,1,2,1,,,,,,,,,
0,1,2,3,2,1,2,1,,,,,,,,,
5,0,1,1,1,2,1,2,,,,,,,,,
0,1,1,3,6,2,1,2,,,,,,,,,
4,0,1,2,2,1,1,1,,,,,,,,,
1,0,1,2,1,2,1,1,,,,,,,,,
0,1,1,3,2,1,2,1,,,,,,,,,
0,1,1,1,2,1,2,1,,,,,,,,,
0,1,2,3,1,2,2,2,,,,,,,,,
1,0,1,1,6,1,1,1,,,,,,,,,
0,1,2,1,2,2,1,1,,,,,,,,,
10,1,1,3,2,1,2,1,,,,,,,,,
0,1,1,1,1,2,1,1,,,,,,,,,
0,0,2,1,2,1,1,1,,,,,,,,,
0,1,1,3,1,1,2,2,,,,,,,,,
8,1,1,1,2,2,2,2,,,,,,,,,
2,1,2,1,1,2,1,1,,,,,,,,,
0,0,1,1,2,2,1,1,,,,,,,,,
2,1,1,1,2,1,1,1,,,,,,,,,
0,1,1,3,1,1,2,2,,,,,,,,,
11,0,1,1,4,2,2,2,,,,,,,,,
1,1,1,3,2,1,2,1,,,,,,,,,
0,0,1,1,2,1,1,1,,,,,,,,,
1,0,1,1,1,1,1,1,,,,,,,,,
1,0,1,2,2,1,1,1,,,,,,,,,
0,0,1,1,2,1,1,1,,,,,,,,,
0,1,1,3,2,1,2,1,,,,,,,,,
0,0,1,1,1,1,1,1,,,,,,,,,
3,0,1,2,1,2,1,1,,,,,,,,,
0,0,1,2,6,2,1,1,,,,,,,,,
2,1,1,3,2,2,2,1,,,,,,,,,
3,1,1,3,2,1,2,1,,,,,,,,,
2,0,1,1,1,2,1,1,,,,,,,,,
0,0,1,3,4,2,1,2,,,,,,,,,
1,0,1,2,4,1,1,1,,,,,,,,,
0,0,1,2,1,2,1,1,,,,,,,,,
0,1,1,1,2,2,1,1,,,,,,,,,
9,1,1,1,2,1,2,2,,,,,,,,,
2,0,1,1,2,2,1,1,,,,,,,,,
9,1,1,1,4,1,2,2,,,,,,,,,
6,0,1,1,1,2,2,2,,,,,,,,,
5,1,1,3,6,1,2,2,,,,,,,,,
2,0,1,3,2,2,2,1,,,,,,,,,
2,0,1,1,2,2,1,1,,,,,,,,,
1,0,1,1,1,1,2,1,,,,,,,,,
13,0,1,1,2,1,2,2,,,,,,,,,
2,0,2,2,1,1,2,1,,,,,,,,,
7,0,1,1,5,1,2,2,,,,,,,,,
0,0,1,1,2,1,1,1,,,,,,,,,
0,0,2,1,2,2,1,1,,,,,,,,,
3,0,1,1,1,1,1,1,,,,,,,,,
1,1,2,1,2,1,1,1,,,,,,,,,
10,0,1,1,2,1,2,2,,,,,,,,,
0,0,1,2,2,2,1,1,,,,,,,,,
7,0,1,1,2,1,2,2,,,,,,,,,
5,0,1,1,1,2,2,2,,,,,,,,,
0,0,1,2,1,2,1,1,,,,,,,,,
5,0,2,2,2,1,2,2,,,,,,,,,
0,0,1,1,2,2,1,1,,,,,,,,,
27,1,1,1,2,1,2,2,,,,,,,,,
1,0,1,1,2,2,1,1,,,,,,,,,
8,1,1,1,2,2,2,2,,,,,,,,,
0,0,1,1,4,2,1,1,,,,,,,,,
0,0,1,1,5,1,1,1,,,,,,,,,
1,0,1,2,1,2,1,1,,,,,,,,,
2,0,1,3,2,2,1,1,,,,,,,,,
1,0,1,1,1,2,1,1,,,,,,,,,
9,0,1,2,2,2,1,2,,,,,,,,,
13,1,1,2,2,1,2,2,,,,,,,,,
0,0,2,2,1,2,1,1,,,,,,,,,
5,1,1,3,2,1,2,1,,,,,,,,,
7,0,2,3,2,1,2,1,,,,,,,,,
2,0,2,2,1,1,2,1,,,,,,,,,
2,0,1,2,1,2,1,1,,,,,,,,,
2,0,1,1,1,1,2,1,,,,,,,,,
0,0,1,1,4,2,1,1,,,,,,,,,
0,0,1,2,2,1,1,1,,,,,,,,,
7,1,2,1,2,2,1,2,,,,,,,,,
1,0,2,1,6,2,1,1,,,,,,,,,
0,0,1,2,2,1,1,1,,,,,,,,,
1,0,1,3,2,2,1,1,,,,,,,,,
0,1,2,1,2,1,2,1,,,,,,,,,
2,0,1,2,1,2,1,1,,,,,,,,,
2,0,1,3,2,1,2,1,,,,,,,,,
0,1,1,1,4,2,1,1,,,,,,,,,
2,1,1,3,2,1,2,1,,,,,,,,,
0,1,2,3,2,2,2,1,,,,,,,,,
17,1,1,2,2,1,2,2,,,,,,,,,
1,1,1,1,2,1,1,1,,,,,,,,,
2,0,1,1,1,2,1,1,,,,,,,,,
2,0,1,1,2,1,2,1,,,,,,,,,
4,1,1,2,1,1,2,1,,,,,,,,,
7,1,1,1,2,1,2,2,,,,,,,,,
1,1,1,3,2,1,1,1,,,,,,,,,
0,0,2,2,1,2,1,1,,,,,,,,,
8,1,2,1,2,1,2,2,,,,,,,,,
5,0,1,1,1,1,2,2,,,,,,,,,
2,1,1,1,2,1,1,1,,,,,,,,,
2,1,1,1,1,1,1,1,,,,,,,,,
3,0,1,2,1,1,1,1,,,,,,,,,
3,0,1,1,6,2,2,1,,,,,,,,,
0,0,1,1,2,1,1,1,,,,,,,,,
1,0,1,1,4,2,1,1,,,,,,,,,
5,1,2,1,2,1,1,2,,,,,,,,,
8,1,1,1,2,2,2,2,,,,,,,,,
0,0,1,3,2,1,1,1,,,,,,,,,
18,1,1,1,2,1,1,2,,,,,,,,,
1,1,1,1,4,2,1,1,,,,,,,,,
5,1,1,1,2,2,1,2,,,,,,,,,
6,0,1,3,2,1,2,1,,,,,,,,,
0,0,2,2,6,1,1,1,,,,,,,,,
0,0,1,3,6,1,1,2,,,,,,,,,
0,0,2,1,2,1,2,1,,,,,,,,,
1,0,1,1,1,1,1,1,,,,,,,,,
3,0,1,1,4,1,1,1,,,,,,,,,
1,0,2,1,1,1,1,1,,,,,,,,,
0,0,2,1,4,1,1,1,,,,,,,,,
7,0,1,1,4,2,1,2,,,,,,,,,
6,1,1,3,4,2,2,2,,,,,,,,,
9,1,1,1,2,1,2,2,,,,,,,,,
1,0,2,3,1,1,1,2,,,,,,,,,
4,1,2,1,1,1,1,1,,,,,,,,,
13,1,1,1,2,1,2,2,,,,,,,,,
1,0,1,1,2,1,1,1,,,,,,,,,
0,0,1,1,1,1,1,1,,,,,,,,,
3,1,2,1,2,1,2,1,,,,,,,,,
4,0,1,2,1,1,1,1,,,,,,,,,
9,1,1,1,1,2,2,2,,,,,,,,,
1,0,2,2,1,1,1,1,,,,,,,,,
0,0,2,2,2,2,1,1,,,,,,,,,
0,1,1,3,2,1,2,1,,,,,,,,,
0,0,1,1,2,1,1,1,,,,,,,,,
0,1,1,3,2,2,2,1,,,,,,,,,
1,0,1,1,2,2,2,1,,,,,,,,,
14,1,1,1,2,1,2,2,,,,,,,,,
7,1,1,1,2,1,2,2,,,,,,,,,
5,0,1,2,1,2,2,2,,,,,,,,,
1,0,1,1,1,2,1,1,,,,,,,,,
2,1,2,3,2,2,2,1,,,,,,,,,
0,1,1,1,1,1,1,1,,,,,,,,,
0,1,1,2,2,1,1,1,,,,,,,,,
7,0,1,1,2,1,1,2,,,,,,,,,
0,1,1,3,1,1,2,2,,,,,,,,,
16,1,1,1,2,1,2,2,,,,,,,,,
3,0,2,1,2,1,2,1,,,,,,,,,
12,0,1,1,2,1,2,2,,,,,,,,,
0,0,2,1,1,2,2,1,,,,,,,,,
10,0,1,2,4,1,2,2,,,,,,,,,
1,0,1,1,2,2,2,1,,,,,,,,,
0,0,2,2,6,1,1,1,,,,,,,,,
4,0,1,1,2,1,1,1,,,,,,,,,
3,1,1,1,2,1,1,1,,,,,,,,,
1,0,1,1,2,2,1,1,,,,,,,,,
5,0,2,1,2,1,1,2,,,,,,,,,
0,0,1,2,1,2,1,1,,,,,,,,,
10,0,1,1,2,2,2,2,,,,,,,,,
0,1,1,2,1,2,1,1,,,,,,,,,
0,0,1,3,4,1,1,2,,,,,,,,,
0,1,2,1,2,1,1,1,,,,,,,,,
0,1,2,1,1,1,1,1,,,,,,,,,
4,1,1,3,2,1,2,1,,,,,,,,,
1,0,1,3,1,1,1,2,,,,,,,,,
11,0,1,2,2,1,2,2,,,,,,,,,
0,1,1,2,2,1,2,1,,,,,,,,,
0,1,1,1,4,2,1,1,,,,,,,,,
4,0,1,1,2,1,1,1,,,,,,,,,
5,1,1,3,1,1,2,2,,,,,,,,,
0,1,1,1,1,2,1,1,,,,,,,,,
2,0,1,1,2,2,1,1,,,,,,,,,
1,1,1,2,2,2,1,1,,,,,,,,,
0,0,2,1,2,1,1,1,,,,,,,,,
3,1,1,1,2,2,2,1,,,,,,,,,
1,0,2,1,2,1,1,1,,,,,,,,,
4,1,1,3,2,1,2,1,,,,,,,,,
7,1,1,1,4,1,2,2,,,,,,,,,
0,1,1,3,2,1,1,1,,,,,,,,,
1,0,1,1,4,1,1,1,,,,,,,,,
3,0,1,2,2,1,1,1,,,,,,,,,
1,0,2,1,1,2,1,1,,,,,,,,,
1,0,1,3,2,1,2,1,,,,,,,,,
1,0,1,1,2,1,2,1,,,,,,,,,
4,1,1,3,2,1,1,1,,,,,,,,,
0,1,1,2,2,2,1,1,,,,,,,,,
1,0,1,1,2,1,2,1,,,,,,,,,
0,0,2,3,2,2,2,1,,,,,,,,,
1,1,1,3,2,1,2,1,,,,,,,,,
1,0,2,1,2,2,2,1,,,,,,,,,
1,1,1,1,2,2,1,1,,,,,,,,,
3,0,1,2,1,1,1,1,,,,,,,,,
23,1,1,2,1,1,2,2,,,,,,,,,
3,1,1,1,2,2,2,1,,,,,,,,,
3,1,1,3,1,1,2,2,,,,,,,,,
0,1,2,3,2,1,1,1,,,,,,,,,
0,0,2,1,1,1,1,1,,,,,,,,,
0,0,1,2,1,2,1,1,,,,,,,,,
15,1,1,1,2,1,2,2,,,,,,,,,
3,0,1,2,2,1,1,1,,,,,,,,,
0,0,2,2,2,1,1,1,,,,,,,,,
1,0,1,1,1,1,1,1,,,,,,,,,
0,1,2,1,2,1,1,1,,,,,,,,,
0,1,1,3,2,1,1,1,,,,,,,,,
0,0,1,2,1,1,1,1,,,,,,,,,
2,0,1,1,2,1,1,1,,,,,,,,,
7,1,1,2,1,1,2,2,,,,,,,,,
10,1,1,1,1,1,1,2,,,,,,,,,
0,0,2,1,2,2,1,1,,,,,,,,,
2,0,1,1,4,2,1,1,,,,,,,,,
19,0,1,2,2,1,2,2,,,,,,,,,
1,0,1,1,1,2,1,1,,,,,,,,,
0,0,2,3,2,2,1,1,,,,,,,,,
7,0,2,1,1,1,2,2,,,,,,,,,
2,0,2,1,1,1,1,1,,,,,,,,,
7,1,1,1,2,1,2,2,,,,,,,,,
5,0,1,1,1,1,2,2,,,,,,,,,
1,0,2,1,2,2,1,1,,,,,,,,,
0,0,1,1,2,1,1,1,,,,,,,,,
0,1,1,3,2,1,2,1,,,,,,,,,
14,0,2,1,1,1,2,2,,,,,,,,,
2,0,1,1,1,1,1,1,,,,,,,,,
1,1,1,1,2,2,1,1,,,,,,,,,
3,1,1,3,1,1,1,2,,,,,,,,,
1,1,1,3,2,1,2,1,,,,,,,,,
0,0,1,1,2,1,1,1,,,,,,,,,
23,1,2,1,2,2,2,2,,,,,,,,,
5,1,1,1,2,2,2,2,,,,,,,,,
11,1,1,1,2,1,2,2,,,,,,,,,
1,1,1,3,2,1,1,1,,,,,,,,,
2,0,2,3,1,2,2,2,,,,,,,,,
0,0,2,3,1,2,2,2,,,,,,,,,
0,0,2,3,2,1,2,1,,,,,,,,,
1,0,2,1,2,2,1,1,,,,,,,,,
2,0,1,2,1,1,1,1,,,,,,,,,
2,1,1,1,2,1,2,1,,,,,,,,,
0,0,2,1,2,2,1,1,,,,,,,,,
22,1,1,2,2,1,2,2,,,,,,,,,
0,0,2,2,1,2,1,1,,,,,,,,,
6,1,1,1,2,1,1,2,,,,,,,,,
5,1,2,1,1,1,2,2,,,,,,,,,
1,1,1,3,2,1,2,1,,,,,,,,,
2,0,1,1,1,1,1,1,,,,,,,,,
2,0,1,1,1,1,2,1,,,,,,,,,
0,1,2,3,2,1,2,1,,,,,,,,,
0,0,1,1,1,2,1,1,,,,,,,,,
1,1,2,1,1,2,1,1,,,,,,,,,
2,1,1,1,2,1,2,1,,,,,,,,,
5,1,1,1,2,1,1,2,,,,,,,,,
0,0,2,1,6,1,1,1,,,,,,,,,
4,1,1,2,2,1,1,1,,,,,,,,,
0,1,2,1,1,1,1,1,,,,,,,,,
6,1,1,3,1,1,2,2,,,,,,,,,
5,1,2,1,2,1,2,2,,,,,,,,,
4,1,1,1,2,1,2,1,,,,,,,,,
1,0,2,1,2,1,2,1,,,,,,,,,
2,1,2,1,1,1,2,1,,,,,,,,,
3,1,1,1,2,2,1,1,,,,,,,,,
3,1,1,1,1,2,1,1,,,,,,,,,
0,0,1,1,2,1,1,1,,,,,,,,,
0,1,1,1,2,1,1,1,,,,,,,,,
0,0,1,3,1,2,2,2,,,,,,,,,
4,1,1,1,2,2,2,1,,,,,,,,,
0,0,2,1,2,1,1,1,,,,,,,,,
2,1,1,1,2,1,1,1,,,,,,,,,
5,1,1,1,2,1,2,2,,,,,,,,,
0,1,1,1,2,1,1,1,,,,,,,,,
1,0,1,2,2,1,1,1,,,,,,,,,
4,1,1,3,4,1,2,2,,,,,,,,,
0,0,2,3,2,1,2,1,,,,,,,,,
0,1,1,3,1,1,2,2,,,,,,,,,
0,0,1,1,1,2,1,1,,,,,,,,,
1,0,1,2,1,1,1,1,,,,,,,,,
3,1,2,3,1,1,2,2,,,,,,,,,
11,1,1,1,2,1,2,2,,,,,,,,,
1,1,1,1,6,1,1,1,,,,,,,,,
2,1,1,3,2,1,1,1,,,,,,,,,
4,1,2,1,1,1,2,1,,,,,,,,,
7,0,1,2,2,1,2,2,,,,,,,,,
0,1,1,2,6,1,1,1,,,,,,,,,
22,1,1,1,2,1,2,2,,,,,,,,,
0,0,1,1,4,2,1,1,,,,,,,,,
1,0,1,1,4,1,1,1,,,,,,,,,
2,1,1,1,1,1,2,1,,,,,,,,,
3,1,2,1,2,1,1,1,,,,,,,,,
3,1,1,1,2,1,2,1,,,,,,,,,
0,0,1,2,4,2,1,1,,,,,,,,,
4,1,1,3,2,1,2,1,,,,,,,,,
0,0,1,1,2,2,1,1,,,,,,,,,
1,0,2,1,4,1,1,1,,,,,,,,,
2,0,1,1,1,1,1,1,,,,,,,,,
2,1,1,2,1,1,2,1,,,,,,,,,
2,0,2,2,1,2,1,1,,,,,,,,,
5,1,1,1,2,1,2,2,,,,,,,,,
0,0,2,2,1,2,1,1,,,,,,,,,
1,1,1,1,1,2,1,1,,,,,,,,,
2,0,1,1,2,1,1,1,,,,,,,,,
5,1,1,1,4,1,2,2,,,,,,,,,
7,1,1,1,2,1,2,2,,,,,,,,,
4,1,1,1,6,2,1,1,,,,,,,,,
0,1,1,3,2,1,2,1,,,,,,,,,
4,0,2,1,2,1,2,1,,,,,,,,,
3,0,1,1,1,2,1,1,,,,,,,,,
0,0,1,1,2,1,1,1,,,,,,,,,
0,0,1,1,2,1,2,1,,,,,,,,,
3,1,1,1,2,1,2,1,,,,,,,,,
1,1,2,3,2,1,2,1,,,,,,,,,
0,0,2,3,2,2,2,1,,,,,,,,,
3,0,1,3,1,2,2,2,,,,,,,,,
5,0,1,1,2,2,2,2,,,,,,,,,
29,1,1,2,2,1,2,2,,,,,,,,,
10,1,2,1,2,1,2,2,,,,,,,,,
5,0,1,1,1,2,2,2,,,,,,,,,
7,0,1,1,2,1,2,2,,,,,,,,,
33,1,1,2,1,1,2,2,,,,,,,,,
0,0,1,3,2,1,1,1,,,,,,,,,
0,0,2,3,6,2,2,2,,,,,,,,,
2,1,1,2,1,1,2,1,,,,,,,,,
2,0,1,3,2,1,2,1,,,,,,,,,
0,0,2,1,1,2,2,1,,,,,,,,,
12,1,1,2,2,1,2,2,,,,,,,,,
4,1,1,3,2,2,2,1,,,,,,,,,
9,1,1,2,2,1,2,2,,,,,,,,,
5,0,1,1,1,1,1,2,,,,,,,,,
0,0,2,2,1,2,1,1,,,,,,,,,
1,1,1,3,1,1,2,2,,,,,,,,,
1,1,1,3,6,1,1,2,,,,,,,,,
2,0,1,2,1,2,1,1,,,,,,,,,
10,1,1,2,2,1,1,2,,,,,,,,,
3,1,1,1,2,1,2,1,,,,,,,,,
0,0,1,1,1,2,1,1,,,,,,,,,
7,1,1,2,6,1,2,2,,,,,,,,,
2,0,1,1,6,1,1,1,,,,,,,,,
0,0,1,2,3,1,1,1,,,,,,,,,
3,0,1,1,2,2,2,1,,,,,,,,,
5,1,1,1,2,2,2,2,,,,,,,,,
1,0,1,3,2,1,1,1,,,,,,,,,
9,0,1,1,2,1,2,2,,,,,,,,,
0,1,1,3,2,2,1,1,,,,,,,,,
6,1,1,1,2,1,1,2,,,,,,,,,
0,0,1,1,2,2,1,1,,,,,,,,,
5,0,1,2,2,2,2,2,,,,,,,,,
1,1,2,3,2,1,1,1,,,,,,,,,
0,0,1,1,1,2,1,1,,,,,,,,,
0,0,2,1,2,2,1,1,,,,,,,,,
1,0,1,2,2,1,1,1,,,,,,,,,
2,0,1,1,2,2,1,1,,,,,,,,,
0,0,1,2,2,2,1,1,,,,,,,,,
1,0,1,2,1,1,1,1,,,,,,,,,
0,0,1,2,1,1,1,1,,,,,,,,,
1,0,2,3,4,2,1,2,,,,,,,,,
0,0,2,2,1,1,1,1,,,,,,,,,
19,0,1,2,2,1,1,2,,,,,,,,,
5,1,1,1,1,1,1,2,,,,,,,,,
1,0,1,1,2,2,1,1,,,,,,,,,
5,1,1,1,6,2,2,2,,,,,,,,,
1,1,1,3,2,2,2,1,,,,,,,,,
0,0,1,1,2,1,1,1,,,,,,,,,
2,0,2,1,1,1,1,1,,,,,,,,,
16,1,1,1,4,1,2,2,,,,,,,,,
1,0,1,3,4,1,2,2,,,,,,,,,
2,1,1,1,1,2,1,1,,,,,,,,,
2,0,1,1,6,2,1,1,,,,,,,,,
0,0,1,3,2,2,2,1,,,,,,,,,
13,1,1,1,2,1,2,2,,,,,,,,,
7,1,1,1,2,1,2,2,,,,,,,,,
3,1,1,3,1,1,1,2,,,,,,,,,
1,0,1,1,2,2,1,1,,,,,,,,,
1,0,2,3,2,1,2,1,,,,,,,,,
0,1,1,3,1,1,1,2,,,,,,,,,
1,1,2,1,1,2,2,1,,,,,,,,,
22,1,2,1,1,2,2,2,,,,,,,,,
0,1,1,3,4,1,2,2,,,,,,,,,
3,1,2,1,1,1,1,1,,,,,,,,,
2,1,1,2,1,2,1,1,,,,,,,,,
3,0,2,2,1,1,1,1,,,,,,,,,
0,0,1,3,2,2,1,1,,,,,,,,,
0,0,1,1,1,2,1,1,,,,,,,,,
0,1,1,3,2,1,2,1,,,,,,,,,
5,1,1,1,2,1,2,2,,,,,,,,,
0,1,2,1,1,1,1,1,,,,,,,,,
0,0,1,1,1,2,1,1,,,,,,,,,
1,1,1,1,2,2,2,1,,,,,,,,,
1,0,1,1,2,1,1,1,,,,,,,,,
0,1,1,3,1,1,1,2,,,,,,,,,
4,0,1,2,1,1,1,1,,,,,,,,,
1,0,1,1,1,2,1,1,,,,,,,,,
2,1,1,1,4,1,2,1,,,,,,,,,
8,0,1,2,1,2,1,2,,,,,,,,,
2,1,1,3,2,2,2,1,,,,,,,,,
0,1,2,1,4,2,1,1,,,,,,,,,
3,1,1,1,2,2,2,1,,,,,,,,,
9,1,1,1,2,1,2,2,,,,,,,,,
4,1,1,1,2,2,2,1,,,,,,,,,
0,0,2,2,1,2,1,1,,,,,,,,,
0,0,1,2,4,1,1,1,,,,,,,,,
3,0,1,1,6,2,1,1,,,,,,,,,
0,0,2,3,2,1,2,1,,,,,,,,,
18,0,1,1,2,2,2,2,,,,,,,,,
2,0,1,1,1,1,1,1,,,,,,,,,
1,0,1,1,1,1,1,1,,,,,,,,,
0,0,1,3,2,1,1,1,,,,,,,,,
3,1,1,2,1,2,1,1,,,,,,,,,
0,1,1,1,1,1,1,1,,,,,,,,,
0,0,1,3,2,1,1,1,,,,,,,,,
8,0,1,1,1,1,1,2,,,,,,,,,
0,0,1,3,1,2,1,2,,,,,,,,,
0,0,2,1,4,1,1,1,,,,,,,,,
3,1,1,2,4,2,2,1,,,,,,,,,
1,1,1,3,4,1,2,2,,,,,,,,,
1,1,1,1,1,1,2,1,,,,,,,,,
2,0,1,3,2,1,2,1,,,,,,,,,
1,0,1,2,2,2,1,1,,,,,,,,,
0,0,1,1,2,1,1,1,,,,,,,,,
0,1,2,2,1,2,1,1,,,,,,,,,
1,1,1,1,2,1,2,1,,,,,,,,,
12,0,1,2,2,2,2,2,,,,,,,,,
0,0,2,1,4,2,1,1,,,,,,,,,
8,0,1,1,2,1,2,2,,,,,,,,,
21,1,1,1,2,1,2,2,,,,,,,,,
1,0,2,1,2,1,1,1,,,,,,,,,
8,1,1,2,2,2,2,2,,,,,,,,,
0,1,1,3,1,2,2,2,,,,,,,,,
1,0,1,2,1,2,1,1,,,,,,,,,
3,0,1,1,6,1,2,1,,,,,,,,,
0,0,1,3,4,1,1,2,,,,,,,,,
2,1,1,3,2,2,2,1,,,,,,,,,
1,0,2,1,1,1,1,1,,,,,,,,,
11,1,1,1,1,1,2,2,,,,,,,,,
0,0,1,3,1,1,1,2,,,,,,,,,
1,1,1,2,1,1,1,1,,,,,,,,,
1,0,1,2,1,1,1,1,,,,,,,,,
0,1,1,1,2,1,2,1,,,,,,,,,
4,0,2,2,2,2,2,1,,,,,,,,,
27,0,1,2,1,2,2,2,,,,,,,,,
3,0,1,1,4,2,1,1,,,,,,,,,
6,1,1,1,2,1,2,2,,,,,,,,,
1,1,1,1,1,1,1,1,,,,,,,,,
1,1,1,1,2,2,1,1,,,,,,,,,
7,0,1,2,1,1,1,2,,,,,,,,,
0,0,1,3,1,1,1,2,,,,,,,,,
5,1,1,1,2,1,2,2,,,,,,,,,
3,1,1,1,1,2,1,1,,,,,,,,,
2,1,1,2,2,1,2,1,,,,,,,,,
0,1,2,3,2,1,2,1,,,,,,,,,
5,1,1,1,2,1,2,2,,,,,,,,,
11,1,1,1,2,1,2,2,,,,,,,,,
0,0,1,2,6,1,1,1,,,,,,,,,
5,1,1,1,1,1,2,2,,,,,,,,,
0,0,2,2,2,2,2,1,,,,,,,,,
2,1,1,3,2,1,2,1,,,,,,,,,
0,0,2,2,6,1,1,1,,,,,,,,,
1,1,1,3,2,1,2,1,,,,,,,,,
3,0,1,2,2,1,1,1,,,,,,,,,
13,1,1,2,2,1,1,2,,,,,,,,,
0,0,1,2,1,2,1,1,,,,,,,,,
2,0,1,2,2,1,1,1,,,,,,,,,
0,0,2,1,1,2,2,1,,,,,,,,,
9,0,1,1,1,2,2,2,,,,,,,,,
1,0,1,3,1,1,1,2,,,,,,,,,
5,1,1,2,2,1,1,2,,,,,,,,,
3,0,1,2,1,1,2,1,,,,,,,,,
4,0,1,2,1,2,1,1,,,,,,,,,
38,1,1,2,2,1,2,2,,,,,,,,,
2,1,1,2,1,2,1,1,,,,,,,,,
4,0,1,1,2,1,2,1,,,,,,,,,
5,0,2,1,2,1,2,2,,,,,,,,,
2,1,1,3,2,1,2,1,,,,,,,,,
5,1,1,1,2,1,1,2,,,,,,,,,
1,1,1,3,2,1,1,1,,,,,,,,,
7,1,1,1,2,1,2,2,,,,,,,,,
5,0,1,1,1,1,1,2,,,,,,,,,
0,0,1,3,2,1,1,1,,,,,,,,,
0,0,1,2,2,2,1,1,,,,,,,,,
1,1,1,3,2,2,1,1,,,,,,,,,
0,1,1,1,2,2,1,1,,,,,,,,,
4,0,1,1,2,2,1,1,,,,,,,,,
5,1,1,1,1,1,2,2,,,,,,,,,
11,1,1,2,1,1,1,2,,,,,,,,,
8,1,1,1,2,1,2,2,,,,,,,,,
18,1,1,1,1,1,2,2,,,,,,,,,
0,0,1,2,1,2,1,1,,,,,,,,,
1,1,1,3,2,2,1,1,,,,,,,,,
0,0,1,2,1,1,1,1,,,,,,,,,
3,1,2,1,1,2,1,1,,,,,,,,,
3,1,1,3,2,1,2,1,,,,,,,,,
0,0,1,2,1,1,1,1,,,,,,,,,
0,0,1,2,1,1,1,1,,,,,,,,,
6,1,1,1,2,2,2,2,,,,,,,,,
1,1,1,3,2,2,2,1,,,,,,,,,
5,1,1,1,2,2,1,2,,,,,,,,,
0,1,1,3,1,1,1,2,,,,,,,,,
0,0,1,3,2,1,2,1,,,,,,,,,
4,1,1,1,2,1,2,1,,,,,,,,,
3,0,1,3,2,1,2,1,,,,,,,,,
0,0,1,1,2,1,2,1,,,,,,,,,
20,0,1,2,4,1,1,2,,,,,,,,,
2,0,1,1,2,1,1,1,,,,,,,,,
4,1,1,1,1,1,1,1,,,,,,,,,
6,1,1,1,2,1,1,2,,,,,,,,,
15,1,1,1,1,1,2,2,,,,,,,,,
0,1,1,1,4,2,2,1,,,,,,,,,
5,1,1,2,2,1,1,2,,,,,,,,,
0,0,2,2,2,1,1,1,,,,,,,,,
2,0,1,3,1,1,2,2,,,,,,,,,
1,1,1,2,4,2,1,1,,,,,,,,,
17,0,1,2,2,2,1,2,,,,,,,,,
3,1,2,1,2,1,2,1,,,,,,,,,
0,0,2,1,2,2,1,1,,,,,,,,,
4,0,2,1,1,1,1,1,,,,,,,,,
9,1,1,1,2,1,2,2,,,,,,,,,
6,1,1,1,2,2,2,2,,,,,,,,,
1,0,1,1,1,2,1,1,,,,,,,,,
0,0,1,2,6,2,1,1,,,,,,,,,
1,0,1,1,2,2,1,1,,,,,,,,,
1,0,1,2,1,1,1,1,,,,,,,,,
0,0,1,1,1,2,1,1,,,,,,,,,
0,0,1,1,2,2,2,1,,,,,,,,,
5,0,1,1,1,2,1,2,,,,,,,,,
2,0,1,2,2,2,1,1,,,,,,,,,
0,0,1,3,6,2,1,2,,,,,,,,,
2,1,1,1,1,2,1,1,,,,,,,,,
5,0,1,1,2,1,1,2,,,,,,,,,
3,0,1,1,1,2,2,1,,,,,,,,,
10,0,1,1,2,2,2,2,,,,,,,,,
0,0,1,3,2,1,1,1,,,,,,,,,
0,0,2,2,1,2,1,1,,,,,,,,,
0,0,1,1,1,1,1,1,,,,,,,,,
5,0,1,1,2,2,2,2,,,,,,,,,
2,0,2,1,2,1,2,1,,,,,,,,,
8,1,1,1,2,1,2,2,,,,,,,,,
0,1,2,2,1,2,1,1,,,,,,,,,
12,1,1,1,2,1,2,2,,,,,,,,,
2,1,1,3,2,2,2,1,,,,,,,,,
22,1,1,2,2,1,2,2,,,,,,,,,
0,0,1,3,1,1,1,2,,,,,,,,,
1,0,1,2,1,1,1,1,,,,,,,,,
1,0,1,3,2,2,1,1,,,,,,,,,
3,1,1,3,2,1,2,1,,,,,,,,,
0,0,2,3,4,1,2,2,,,,,,,,,
0,1,1,1,2,2,2,1,,,,,,,,,
7,1,1,1,1,2,2,2,,,,,,,,,
5,0,1,1,6,1,2,2,,,,,,,,,
0,0,2,1,4,2,1,1,,,,,,,,,
0,0,1,3,1,1,2,2,,,,,,,,,
0,0,1,3,2,1,1,1,,,,,,,,,
2,0,1,2,1,1,2,1,,,,,,,,,
2,0,1,3,2,1,2,1,,,,,,,,,
14,1,1,2,2,1,2,2,,,,,,,,,
6,0,1,1,2,2,2,2,,,,,,,,,
1,0,1,2,1,2,1,1,,,,,,,,,
0,0,1,1,1,2,1,1,,,,,,,,,
8,0,1,1,2,2,2,2,,,,,,,,,
1,0,1,1,1,2,1,1,,,,,,,,,
2,0,1,1,4,2,1,1,,,,,,,,,
0,0,1,2,1,1,2,1,,,,,,,,,
7,0,1,1,2,2,1,2,,,,,,,,,
3,1,1,1,2,1,1,1,,,,,,,,,
1,0,2,1,1,2,2,1,,,,,,,,,
4,0,1,2,2,1,1,1,,,,,,,,,
4,1,1,1,1,1,2,1,,,,,,,,,
5,1,1,1,2,2,2,2,,,,,,,,,
0,0,1,3,3,1,1,2,,,,,,,,,
0,0,2,1,1,1,1,1,,,,,,,,,
0,0,1,1,1,1,1,1,,,,,,,,,
0,0,1,2,6,1,1,1,,,,,,,,,
0,0,1,3,4,1,2,2,,,,,,,,,
4,1,1,2,1,1,1,1,,,,,,,,,
3,1,2,1,2,1,2,1,,,,,,,,,
7,0,2,1,1,2,2,2,,,,,,,,,
3,1,1,1,1,2,1,1,,,,,,,,,
0,0,1,2,4,2,1,1,,,,,,,,,
0,0,1,2,1,2,1,1,,,,,,,,,
0,0,1,1,4,1,2,1,,,,,,,,,
11,0,1,1,6,1,1,2,,,,,,,,,
17,0,1,1,2,2,2,2,,,,,,,,,
1,0,2,2,2,1,1,1,,,,,,,,,
0,0,1,1,2,2,1,1,,,,,,,,,
0,0,1,1,2,1,2,1,,,,,,,,,
3,0,1,2,2,2,2,1,,,,,,,,,
16,1,1,2,1,1,2,2,,,,,,,,,
0,0,1,1,2,2,1,1,,,,,,,,,
1,1,2,1,1,1,2,1,,,,,,,,,
0,0,1,1,2,1,1,1,,,,,,,,,
8,0,1,2,1,1,1,2,,,,,,,,,
0,0,1,1,4,2,1,1,,,,,,,,,
1,0,2,1,1,2,2,1,,,,,,,,,
0,0,1,1,2,1,2,1,,,,,,,,,
1,0,1,2,2,1,1,1,,,,,,,,,
0,0,1,3,1,1,1,2,,,,,,,,,
3,0,1,2,1,1,1,1,,,,,,,,,
2,0,1,1,1,1,1,1,,,,,,,,,
1,1,1,3,2,2,1,1,,,,,,,,,
0,1,1,1,4,1,2,1,,,,,,,,,
11,1,1,1,2,2,2,2,,,,,,,,,
1,0,1,1,1,2,1,1,,,,,,,,,
8,1,1,2,1,1,2,2,,,,,,,,,
0,0,1,1,1,1,1,1,,,,,,,,,
5,1,1,1,2,1,2,2,,,,,,,,,
28,1,1,2,2,1,2,2,,,,,,,,,
4,0,1,1,2,1,1,1,,,,,,,,,
1,0,1,2,1,1,1,1,,,,,,,,,
2,1,2,2,1,1,1,1,,,,,,,,,
3,0,1,1,2,1,1,1,,,,,,,,,
4,1,2,1,2,1,2,1,,,,,,,,,
1,1,1,3,2,1,2,1,,,,,,,,,
17,1,1,1,1,1,2,2,,,,,,,,,
1,1,1,1,1,2,1,1,,,,,,,,,
0,0,1,2,1,1,1,1,,,,,,,,,
8,0,1,2,1,1,1,2,,,,,,,,,
0,1,1,1,6,1,1,1,,,,,,,,,
4,1,1,1,2,1,1,1,,,,,,,,,
2,0,2,1,4,2,1,1,,,,,,,,,
2,0,1,1,2,1,1,1,,,,,,,,,
2,0,1,2,2,2,1,1,,,,,,,,,
0,0,2,1,2,2,1,1,,,,,,,,,
1,1,1,1,4,1,2,1,,,,,,,,,
7,1,1,1,2,1,2,2,,,,,,,,,
3,1,1,3,2,1,2,1,,,,,,,,,
0,0,1,1,6,2,1,1,,,,,,,,,
6,1,1,1,6,2,1,2,,,,,,,,,
0,0,1,3,2,1,1,1,,,,,,,,,
2,0,2,1,2,1,1,1,,,,,,,,,
1,1,1,3,2,1,2,1,,,,,,,,,
4,0,1,2,2,2,1,1,,,,,,,,,
6,0,1,2,1,1,1,2,,,,,,,,,
0,0,1,1,1,2,1,1,,,,,,,,,
0,0,1,2,1,1,1,1,,,,,,,,,
2,0,1,1,2,2,1,1,,,,,,,,,
1,1,1,1,2,1,2,1,,,,,,,,,
6,1,1,1,2,1,1,2,,,,,,,,,
5,0,1,1,2,1,1,2,,,,,,,,,
1,1,1,3,2,2,2,1,,,,,,,,,
1,0,1,1,1,2,1,1,,,,,,,,,
1,1,1,3,1,1,1,2,,,,,,,,,
10,1,1,1,4,1,2,2,,,,,,,,,
1,0,1,1,2,1,1,1,,,,,,,,,
1,0,1,1,2,2,1,1,,,,,,,,,
2,0,2,1,2,1,2,1,,,,,,,,,
16,0,1,2,2,1,2,2,,,,,,,,,
4,1,1,1,1,2,2,1,,,,,,,,,
1,0,1,1,1,1,1,1,,,,,,,,,
3,0,2,1,2,2,2,1,,,,,,,,,
0,0,1,2,1,1,1,1,,,,,,,,,
6,0,1,1,1,1,1,2,,,,,,,,,
1,1,1,3,2,1,2,1,,,,,,,,,
0,0,1,2,1,2,1,1,,,,,,,,,
4,1,1,1,2,1,2,1,,,,,,,,,
5,1,1,1,1,1,1,2,,,,,,,,,
0,0,2,1,1,1,2,1,,,,,,,,,
0,1,1,2,2,1,1,1,,,,,,,,,
1,0,1,3,2,1,2,1,,,,,,,,,
7,0,1,1,2,1,2,2,,,,,,,,,
9,1,1,1,2,1,2,2,,,,,,,,,
0,1,1,3,2,1,2,1,,,,,,,,,
1,1,1,3,2,1,1,1,,,,,,,,,
0,0,1,1,1,1,1,1,,,,,,,,,
2,1,1,1,4,1,2,1,,,,,,,,,
1,1,1,3,1,1,2,2,,,,,,,,,
2,1,1,3,4,1,2,2,,,,,,,,,
1,0,1,1,2,2,1,1,,,,,,,,,
1,0,1,1,4,2,1,1,,,,,,,,,
0,1,1,1,2,1,1,1,,,,,,,,,
0,1,2,1,1,2,2,1,,,,,,,,,
0,1,2,3,4,1,2,2,,,,,,,,,
1,0,1,2,1,2,1,1,,,,,,,,,
3,1,2,1,1,1,2,1,,,,,,,,,
0,0,2,3,1,1,1,2,,,,,,,,,
1,0,2,1,4,2,1,1,,,,,,,,,
0,0,1,1,2,1,2,1,,,,,,,,,
4,1,1,2,2,1,1,1,,,,,,,,,
15,1,1,2,2,2,1,2,,,,,,,,,
4,1,1,3,2,1,2,1,,,,,,,,,
0,0,1,1,2,1,1,1,,,,,,,,,
2,0,1,3,4,1,2,2,,,,,,,,,
24,1,1,1,2,1,2,2,,,,,,,,,
17,1,1,1,2,1,2,2,,,,,,,,,
0,0,1,1,6,1,1,1,,,,,,,,,
3,1,1,1,2,2,1,1,,,,,,,,,
1,0,1,3,2,1,2,1,,,,,,,,,
0,0,2,1,2,1,2,1,,,,,,,,,
7,1,2,2,1,1,2,2,,,,,,,,,
0,0,1,2,1,2,1,1,,,,,,,,,
0,1,1,1,2,1,2,1,,,,,,,,,
3,0,1,1,1,2,1,1,,,,,,,,,
0,0,1,1,2,2,2,1,,,,,,,,,
7,1,2,1,4,1,1,2,,,,,,,,,
1,0,1,1,4,1,1,1,,,,,,,,,
0,0,2,1,6,1,1,1,,,,,,,,,
2,1,1,1,1,2,1,1,,,,,,,,,
8,1,1,3,2,1,1,1,,,,,,,,,
1,0,2,2,1,2,1,1,,,,,,,,,
2,1,1,1,1,1,2,1,,,,,,,,,
1,0,1,1,4,2,1,1,,,,,,,,,
1,0,1,1,2,1,1,1,,,,,,,,,
0,1,1,1,2,1,1,1,,,,,,,,,
2,1,1,1,6,1,1,1,,,,,,,,,
0,0,1,1,6,2,1,1,,,,,,,,,
0,0,1,2,1,2,1,1,,,,,,,,,
0,0,1,1,1,2,1,1,,,,,,,,,
2,1,1,1,4,1,1,1,,,,,,,,,
1,1,1,3,2,2,1,1,,,,,,,,,
4,1,2,1,2,1,2,1,,,,,,,,,
0,0,1,1,2,1,1,1,,,,,,,,,
4,1,1,1,6,1,1,1,,,,,,,,,
10,1,1,2,2,2,2,2,,,,,,,,,
1,1,2,1,4,1,1,1,,,,,,,,,
2,1,1,1,2,1,2,1,,,,,,,,,
0,1,1,1,2,2,1,1,,,,,,,,,
6,0,1,1,2,1,2,2,,,,,,,,,
1,0,1,1,2,1,1,1,,,,,,,,,
0,1,1,2,2,1,1,1,,,,,,,,,
1,1,1,3,1,1,2,2,,,,,,,,,
2,0,2,1,1,1,1,1,,,,,,,,,
2,0,1,1,6,1,1,1,,,,,,,,,
0,0,1,2,1,2,2,1,,,,,,,,,
0,0,1,3,3,2,1,2,,,,,,,,,
0,1,1,3,1,1,2,2,,,,,,,,,
2,1,2,1,1,1,2,1,,,,,,,,,
1,0,1,2,2,1,2,1,,,,,,,,,
0,1,2,3,2,2,2,1,,,,,,,,,
1,0,1,3,2,2,2,1,,,,,,,,,
0,1,1,3,2,1,2,1,,,,,,,,,
1,0,2,1,6,2,2,1,,,,,,,,,
6,1,1,2,1,1,1,2,,,,,,,,,
1,0,1,1,2,1,1,1,,,,,,,,,
0,0,1,2,1,2,1,1,,,,,,,,,
5,1,1,1,1,1,2,2,,,,,,,,,
5,1,1,1,2,1,2,2,,,,,,,,,
5,0,1,1,4,1,1,2,,,,,,,,,
10,1,1,1,2,2,2,2,,,,,,,,,
5,1,1,1,1,1,2,2,,,,,,,,,
1,1,1,1,1,2,1,1,,,,,,,,,
12,0,1,1,2,1,2,2,,,,,,,,,
14,0,1,1,1,1,2,2,,,,,,,,,
0,0,1,2,1,2,1,1,,,,,,,,,
0,0,1,3,1,1,1,2,,,,,,,,,
0,0,1,3,2,1,1,1,,,,,,,,,
7,1,1,1,2,1,2,2,,,,,,,,,
3,1,1,3,2,1,2,1,,,,,,,,,
2,1,1,3,2,1,2,1,,,,,,,,,
0,0,1,1,2,1,1,1,,,,,,,,,
0,0,2,2,1,2,1,1,,,,,,,,,
0,1,2,1,1,1,1,1,,,,,,,,,
2,0,1,1,1,2,1,1,,,,,,,,,
3,0,2,1,2,1,2,1,,,,,,,,,
1,0,1,2,2,1,1,1,,,,,,,,,
7,1,1,2,2,2,1,2,,,,,,,,,
0,0,1,3,1,2,1,2,,,,,,,,,
0,0,2,2,1,2,1,1,,,,,,,,,
6,0,1,1,2,2,2,2,,,,,,,,,
1,0,1,1,2,2,1,1,,,,,,,,,
0,0,1,2,1,2,1,1,,,,,,,,,
9,1,1,1,1,2,2,2,,,,,,,,,
0,1,2,3,2,1,1,1,,,,,,,,,
7,0,2,1,1,2,2,2,,,,,,,,,
3,1,1,3,2,1,1,1,,,,,,,,,
4,0,1,1,2,1,2,1,,,,,,,,,
3,0,2,1,2,2,1,1,,,,,,,,,
0,1,2,3,2,2,2,1,,,,,,,,,
2,0,2,1,2,1,2,1,,,,,,,,,
1,1,1,1,1,2,1,1,,,,,,,,,
5,0,1,1,2,1,2,2,,,,,,,,,
1,0,2,1,2,2,1,1,,,,,,,,,
0,1,1,1,2,2,2,1,,,,,,,,,
1,0,1,1,2,1,2,1,,,,,,,,,
11,1,1,1,2,1,2,2,,,,,,,,,
2,0,1,1,2,1,2,1,,,,,,,,,
2,1,1,3,2,2,2,1,,,,,,,,,
1,0,1,2,4,1,1,1,,,,,,,,,
4,1,1,1,2,1,2,1,,,,,,,,,
0,0,1,1,1,1,1,1,,,,,,,,,
1,0,2,1,2,1,1,1,,,,,,,,,
0,1,1,1,2,2,1,1,,,,,,,,,
0,0,1,2,1,1,1,1,,,,,,,,,
1,0,1,2,1,2,1,1,,,,,,,,,
0,0,1,1,4,2,2,1,,,,,,,,,
2,0,2,3,1,1,2,2,,,,,,,,,
2,0,2,2,4,2,1,1,,,,,,,,,
10,1,1,1,2,1,2,2,,,,,,,,,
1,0,1,2,2,2,2,1,,,,,,,,,
2,0,1,1,2,1,1,1,,,,,,,,,
7,1,1,1,2,2,2,2,,,,,,,,,
0,0,2,1,1,2,1,1,,,,,,,,,
0,0,1,3,4,1,1,2,,,,,,,,,
8,1,1,1,2,1,2,2,,,,,,,,,
3,0,2,1,2,2,1,1,,,,,,,,,
8,0,1,2,4,1,2,2,,,,,,,,,
8,1,1,1,2,2,2,2,,,,,,,,,
14,1,1,1,2,1,2,2,,,,,,,,,
0,0,1,2,1,1,1,1,,,,,,,,,
1,0,1,2,1,1,1,1,,,,,,,,,
2,1,1,1,2,1,2,1,,,,,,,,,
9,1,1,2,2,1,2,2,,,,,,,,,
2,0,2,1,2,2,1,1,,,,,,,,,
3,0,1,1,1,2,1,1,,,,,,,,,
2,1,1,1,6,2,1,1,,,,,,,,,
0,0,1,1,1,1,1,1,,,,,,,,,
0,0,1,1,1,1,1,1,,,,,,,,,
17,1,1,2,2,1,2,2,,,,,,,,,
7,1,1,1,2,1,2,2,,,,,,,,,
2,0,1,1,1,1,2,1,,,,,,,,,
16,1,1,1,2,1,2,2,,,,,,,,,
3,1,1,1,2,1,1,1,,,,,,,,,
1,1,1,1,4,1,1,1,,,,,,,,,
6,0,1,1,2,1,1,2,,,,,,,,,
1,0,1,2,1,2,1,1,,,,,,,,,
0,0,1,2,6,2,1,1,,,,,,,,,
7,1,1,2,1,1,2,2,,,,,,,,,
3,1,1,3,6,1,1,2,,,,,,,,,
23,1,1,1,2,1,2,2,,,,,,,,,
0,0,1,1,6,1,1,1,,,,,,,,,
1,0,1,1,1,2,1,1,,,,,,,,,
0,0,2,3,1,2,1,2,,,,,,,,,
3,0,1,1,1,2,1,1,,,,,,,,,
0,0,1,2,1,1,1,1,,,,,,,,,
0,1,1,3,2,1,1,1,,,,,,,,,
0,0,1,1,3,2,1,1,,,,,,,,,
1,0,1,2,1,1,1,1,,,,,,,,,
0,0,1,1,1,2,2,1,,,,,,,,,
0,0,1,1,1,1,2,1,,,,,,,,,
0,0,1,3,1,1,1,2,,,,,,,,,
2,0,2,1,2,1,1,1,,,,,,,,,
5,0,2,2,2,1,1,2,,,,,,,,,
0,1,1,2,2,1,1,1,,,,,,,,,
1,1,1,3,2,1,2,1,,,,,,,,,
1,0,1,1,4,2,2,1,,,,,,,,,
1,1,1,3,2,1,2,1,,,,,,,,,
6,1,1,3,2,1,2,1,,,,,,,,,
0,0,1,2,1,1,1,1,,,,,,,,,
1,0,1,1,1,2,1,1,,,,,,,,,
9,1,1,1,2,1,2,2,,,,,,,,,
0,0,1,3,2,1,1,1,,,,,,,,,
4,0,1,1,2,2,1,1,,,,,,,,,
1,1,2,1,2,1,2,1,,,,,,,,,
2,1,2,3,4,1,1,2,,,,,,,,,
0,0,1,1,1,2,1,1,,,,,,,,,
1,0,2,1,2,2,1,1,,,,,,,,,
2,1,1,1,2,1,2,1,,,,,,,,,
0,1,1,2,1,2,1,1,,,,,,,,,
0,1,2,2,1,2,1,1,,,,,,,,,
11,0,1,1,2,1,2,2,,,,,,,,,
8,1,1,1,2,1,2,2,,,,,,,,,
2,1,1,1,2,1,2,1,,,,,,,,,
0,1,1,3,2,1,2,1,,,,,,,,,
0,1,1,1,4,2,1,1,,,,,,,,,
13,1,1,1,2,1,2,2,,,,,,,,,
1,0,1,3,1,1,1,2,,,,,,,,,
0,1,1,1,1,1,1,1,,,,,,,,,
3,1,1,3,2,2,2,1,,,,,,,,,
0,0,1,2,1,1,1,1,,,,,,,,,
4,1,1,1,2,2,2,1,,,,,,,,,
0,1,1,3,1,1,2,2,,,,,,,,,
4,1,1,1,1,1,1,1,,,,,,,,,
2,0,1,2,1,2,2,1,,,,,,,,,
2,0,1,1,1,1,2,1,,,,,,,,,
2,0,1,2,1,1,1,1,,,,,,,,,
1,0,2,1,2,1,2,1,,,,,,,,,
0,0,1,2,1,2,1,1,,,,,,,,,
3,0,1,3,1,2,2,2,,,,,,,,,
2,0,1,2,1,2,1,1,,,,,,,,,
0,0,1,1,6,1,1,1,,,,,,,,,
3,1,1,1,2,2,2,1,,,,,,,,,
16,1,1,1,2,1,2,2,,,,,,,,,
2,1,1,1,2,1,1,1,,,,,,,,,
5,1,1,1,1,2,1,2,,,,,,,,,
13,1,1,1,2,1,2,2,,,,,,,,,
1,0,1,2,1,1,1,1,,,,,,,,,
3,0,1,3,2,1,2,1,,,,,,,,,
0,0,1,1,2,1,1,1,,,,,,,,,
0,1,1,1,6,2,1,1,,,,,,,,,
1,1,1,1,2,1,2,1,,,,,,,,,
6,0,1,1,2,2,2,2,,,,,,,,,
5,0,1,2,2,1,1,2,,,,,,,,,
0,0,2,1,1,1,2,1,,,,,,,,,
0,0,1,2,6,2,1,1,,,,,,,,,
0,0,1,1,6,2,1,1,,,,,,,,,
0,0,1,1,2,1,1,1,,,,,,,,,
1,0,1,1,2,1,1,1,,,,,,,,,
18,1,1,1,2,1,2,2,,,,,,,,,
1,1,1,1,1,2,1,1,,,,,,,,,
0,0,1,1,1,2,1,1,,,,,,,,,
1,0,1,1,2,1,1,1,,,,,,,,,
0,0,2,3,2,1,2,1,,,,,,,,,
2,0,1,3,2,1,2,1,,,,,,,,,
0,0,1,3,2,1,2,1,,,,,,,,,
1,0,1,1,2,2,2,1,,,,,,,,,
23,1,1,1,2,1,2,2,,,,,,,,,
0,1,1,3,1,1,1,2,,,,,,,,,
3,1,1,3,2,1,2,1,,,,,,,,,
0,0,2,1,1,1,1,1,,,,,,,,,
4,0,2,1,2,1,2,1,,,,,,,,,
1,0,1,3,3,2,1,2,,,,,,,,,
1,1,2,3,2,1,2,1,,,,,,,,,
0,1,2,1,1,2,1,1,,,,,,,,,
0,0,1,1,2,2,2,1,,,,,,,,,
3,1,1,1,2,2,1,1,,,,,,,,,
0,0,2,3,1,2,2,2,,,,,,,,,
0,0,1,1,2,1,2,1,,,,,,,,,
0,0,1,3,2,1,1,1,,,,,,,,,
0,1,1,3,2,1,2,1,,,,,,,,,
0,0,1,1,6,2,1,1,,,,,,,,,
5,0,1,1,2,1,2,2,,,,,,,,,
2,0,1,2,2,1,1,1,,,,,,,,,
1,0,1,1,6,1,1,1,,,,,,,,,
2,1,1,1,2,2,1,1,,,,,,,,,
1,1,2,3,1,1,2,2,,,,,,,,,
7,1,2,1,1,1,2,2,,,,,,,,,
0,1,1,2,1,1,1,1,,,,,,,,,
0,0,1,2,1,2,1,1,,,,,,,,,
0,1,1,1,1,1,2,1,,,,,,,,,
1,0,1,3,4,1,2,2,,,,,,,,,
0,1,1,1,1,2,1,1,,,,,,,,,
0,0,1,2,1,2,1,1,,,,,,,,,
1,1,1,2,1,1,1,1,,,,,,,,,
1,0,1,1,4,1,1,1,,,,,,,,,
0,0,2,1,2,2,1,1,,,,,,,,,
2,0,1,1,2,2,1,1,,,,,,,,,
0,1,1,3,2,2,1,1,,,,,,,,,
0,1,1,1,1,2,1,1,,,,,,,,,
0,1,1,1,6,1,1,1,,,,,,,,,
0,0,2,1,4,1,1,1,,,,,,,,,
1,1,1,1,1,1,2,1,,,,,,,,,
1,0,1,2,4,2,1,1,,,,,,,,,
2,1,1,3,1,2,2,2,,,,,,,,,
1,0,2,2,1,2,1,1,,,,,,,,,
0,1,1,3,1,2,1,2,,,,,,,,,
2,0,1,1,1,1,1,1,,,,,,,,,
0,0,1,2,1,2,1,1,,,,,,,,,
0,0,2,1,6,1,1,1,,,,,,,,,
0,1,2,1,1,1,1,1,,,,,,,,,
0,0,1,2,1,2,1,1,,,,,,,,,
0,0,1,3,2,1,2,1,,,,,,,,,
5,1,1,1,2,1,2,2,,,,,,,,,
1,0,2,1,1,1,1,1,,,,,,,,,
0,1,1,3,2,2,1,1,,,,,,,,,
0,1,1,1,1,2,1,1,,,,,,,,,
3,1,1,2,3,1,2,1,,,,,,,,,
0,0,1,3,2,1,1,1,,,,,,,,,
0,0,2,1,2,1,1,1,,,,,,,,,
3,1,1,1,1,2,1,1,,,,,,,,,
1,0,2,3,1,1,2,2,,,,,,,,,
0,1,1,3,2,1,2,1,,,,,,,,,
12,0,1,1,2,1,2,2,,,,,,,,,
1,0,2,1,2,1,1,1,,,,,,,,,
0,1,2,1,6,2,1,1,,,,,,,,,
2,0,1,1,2,1,1,1,,,,,,,,,
0,0,1,1,1,2,1,1,,,,,,,,,
2,1,1,1,1,1,1,1,,,,,,,,,
0,1,1,3,2,1,1,1,,,,,,,,,
0,0,1,3,2,1,1,1,,,,,,,,,
1,0,1,1,2,1,1,1,,,,,,,,,
11,1,2,2,2,1,2,2,,,,,,,,,
2,0,2,1,6,2,1,1,,,,,,,,,
2,0,1,1,2,1,1,1,,,,,,,,,
1,0,1,1,2,1,1,1,,,,,,,,,
0,0,2,1,1,2,1,1,,,,,,,,,
16,1,1,1,2,2,2,2,,,,,,,,,
1,1,2,1,1,2,2,1,,,,,,,,,
5,0,1,1,1,1,1,2,,,,,,,,,
0,0,1,1,6,2,1,1,,,,,,,,,
5,1,1,1,2,1,2,2,,,,,,,,,
1,0,1,3,1,1,2,2,,,,,,,,,
0,1,1,3,2,1,2,1,,,,,,,,,
0,0,1,1,1,2,1,1,,,,,,,,,
0,1,1,3,2,1,2,1,,,,,,,,,
0,0,2,3,2,2,2,1,,,,,,,,,
0,0,1,1,1,1,2,1,,,,,,,,,
4,0,1,2,2,1,1,1,,,,,,,,,
0,1,1,1,2,1,1,1,,,,,,,,,
2,1,1,1,1,1,1,1,,,,,,,,,
11,0,2,1,2,1,2,2,,,,,,,,,
0,0,1,1,2,2,1,1,,,,,,,,,
0,0,1,1,1,1,1,1,,,,,,,,,
3,0,1,3,2,1,2,1,,,,,,,,,
3,1,1,1,2,1,2,1,,,,,,,,,
7,0,1,2,1,1,2,2,,,,,,,,,
0,0,1,1,1,1,1,1,,,,,,,,,
2,1,2,1,1,1,2,1,,,,,,,,,
0,0,1,1,1,2,1,1,,,,,,,,,
7,1,1,1,2,1,2,2,,,,,,,,,
1,0,1,3,2,1,2,1,,,,,,,,,
0,0,1,2,1,2,1,1,,,,,,,,,
0,0,1,1,2,1,1,1,,,,,,,,,
0,0,1,2,1,2,1,1,,,,,,,,,
2,1,1,1,4,2,1,1,,,,,,,,,
2,0,2,1,2,2,1,1,,,,,,,,,
1,1,2,1,1,1,1,1,,,,,,,,,
2,1,1,1,2,2,2,1,,,,,,,,,
2,0,1,1,2,2,2,1,,,,,,,,,
0,0,1,1,1,1,1,1,,,,,,,,,
10,1,1,1,2,1,2,2,,,,,,,,,
2,0,1,1,2,1,1,1,,,,,,,,,
11,0,1,1,2,1,2,2,,,,,,,,,
0,0,1,2,1,2,1,1,,,,,,,,,
1,0,1,3,1,2,1,2,,,,,,,,,
3,1,1,3,1,1,1,2,,,,,,,,,
15,1,1,1,2,2,2,2,,,,,,,,,
0,1,1,1,2,1,1,1,,,,,,,,,
1,0,1,1,4,2,2,1,,,,,,,,,
7,0,1,1,2,1,1,2,,,,,,,,,
8,1,1,1,2,1,2,2,,,,,,,,,
1,0,2,2,4,2,1,1,,,,,,,,,
2,0,1,1,1,2,1,1,,,,,,,,,
1,1,2,1,2,1,1,1,,,,,,,,,
0,0,1,3,2,1,2,1,,,,,,,,,
0,1,1,2,1,1,2,1,,,,,,,,,
7,0,1,2,2,1,1,2,,,,,,,,,
1,1,1,2,1,2,1,1,,,,,,,,,
0,0,1,1,1,1,1,1,,,,,,,,,
0,0,2,3,2,1,2,1,,,,,,,,,
1,0,1,2,6,1,1,1,,,,,,,,,
9,1,1,1,2,1,2,2,,,,,,,,,
4,1,1,1,2,1,2,1,,,,,,,,,
6,0,1,1,6,2,1,2,,,,,,,,,
0,1,1,3,1,1,1,2,,,,,,,,,
0,0,1,1,1,2,1,1,,,,,,,,,
1,0,1,2,1,2,1,1,,,,,,,,,
4,1,1,1,2,1,2,1,,,,,,,,,
9,1,1,1,1,2,2,2,,,,,,,,,
5,0,1,1,1,1,1,2,,,,,,,,,
1,1,1,1,6,1,1,1,,,,,,,,,
1,0,1,2,4,1,1,1,,,,,,,,,
4,0,1,2,2,1,2,1,,,,,,,,,
0,1,1,2,1,1,2,1,,,,,,,,,
0,0,2,1,1,2,1,1,,,,,,,,,
1,1,2,2,2,1,1,1,,,,,,,,,
3,1,1,1,1,1,2,1,,,,,,,,,
3,1,2,1,2,2,2,1,,,,,,,,,
8,1,2,1,2,1,2,2,,,,,,,,,
0,0,1,1,4,2,1,1,,,,,,,,,
3,1,1,3,2,1,2,1,,,,,,,,,
0,0,1,1,2,1,2,1,,,,,,,,,
3,1,1,3,2,1,2,1,,,,,,,,,
1,0,1,3,2,2,2,1,,,,,,,,,
7,1,1,1,2,1,1,2,,,,,,,,,
1,1,2,2,1,1,1,1,,,,,,,,,
6,0,1,1,1,2,2,2,,,,,,,,,
0,0,1,2,1,2,1,1,,,,,,,,,
8,0,1,1,2,1,2,2,,,,,,,,,
0,0,1,3,2,1,2,1,,,,,,,,,
1,0,2,2,1,1,1,1,,,,,,,,,
1,0,1,2,1,2,1,1,,,,,,,,,
0,0,2,1,6,2,1,1,,,,,,,,,
16,1,1,2,2,2,2,2,,,,,,,,,
6,0,1,1,2,1,1,2,,,,,,,,,
7,1,1,1,2,1,2,2,,,,,,,,,
0,0,1,1,1,1,2,1,,,,,,,,,
2,1,2,1,1,1,2,1,,,,,,,,,
3,1,1,3,2,1,2,1,,,,,,,,,
1,0,2,1,2,1,2,1,,,,,,,,,
0,0,1,1,1,1,1,1,,,,,,,,,
6,1,1,3,6,1,2,2,,,,,,,,,
1,0,1,1,1,1,1,1,,,,,,,,,
0,0,1,3,2,1,2,1,,,,,,,,,
15,0,1,1,2,1,2,2,,,,,,,,,
0,0,2,3,2,1,2,1,,,,,,,,,
0,0,1,1,1,2,1,1,,,,,,,,,
0,1,1,1,1,1,1,1,,,,,,,,,
0,0,1,2,1,1,2,1,,,,,,,,,
0,0,1,1,1,2,1,1,,,,,,,,,
0,0,1,1,1,2,2,1,,,,,,,,,
0,1,1,1,2,2,1,1,,,,,,,,,
2,0,1,2,1,2,1,1,,,,,,,,,
0,0,1,3,1,1,2,2,,,,,,,,,
6,1,1,1,2,1,2,2,,,,,,,,,
0,0,1,3,2,1,1,1,,,,,,,,,
0,0,2,1,2,2,1,1,,,,,,,,,
2,0,1,1,4,1,2,1,,,,,,,,,
22,1,1,1,2,2,2,2,,,,,,,,,
1,0,1,1,2,1,1,1,,,,,,,,,
1,1,1,3,1,1,2,2,,,,,,,,,
0,0,1,1,3,2,1,1,,,,,,,,,
2,1,1,1,6,1,1,1,,,,,,,,,
1,0,1,1,2,1,1,1,,,,,,,,,
3,1,1,1,2,1,2,1,,,,,,,,,
1,1,1,3,2,1,1,1,,,,,,,,,
0,1,1,3,2,1,2,1,,,,,,,,,
8,1,1,1,2,1,2,2,,,,,,,,,
2,0,1,1,1,1,2,1,,,,,,,,,
8,1,1,1,2,2,1,2,,,,,,,,,
16,1,1,1,2,1,2,2,,,,,,,,,
0,0,1,2,2,1,1,1,,,,,,,,,
2,1,1,1,2,1,2,1,,,,,,,,,
0,1,1,1,1,2,1,1,,,,,,,,,
17,1,1,1,4,1,2,2,,,,,,,,,
20,0,1,2,2,2,2,2,,,,,,,,,
0,0,2,2,1,2,1,1,,,,,,,,,
5,1,1,1,1,2,2,2,,,,,,,,,
1,1,1,3,6,1,1,2,,,,,,,,,
1,1,1,1,1,2,2,1,,,,,,,,,
31,1,1,1,6,1,2,2,,,,,,,,,
4,0,1,2,2,2,1,1,,,,,,,,,
0,0,2,1,6,2,1,1,,,,,,,,,
0,1,1,3,2,1,2,1,,,,,,,,,
2,1,1,1,1,1,1,1,,,,,,,,,
0,0,1,1,2,1,2,1,,,,,,,,,
0,0,1,1,1,1,2,1,,,,,,,,,
3,1,1,1,2,1,2,1,,,,,,,,,
2,1,1,1,1,1,1,1,,,,,,,,,
0,1,1,1,1,1,1,1,,,,,,,,,
0,0,1,1,4,1,1,1,,,,,,,,,
0,0,2,3,2,2,1,1,,,,,,,,,
7,0,1,1,2,2,2,2,,,,,,,,,
2,1,1,3,2,1,2,1,,,,,,,,,
0,1,1,1,2,2,1,1,,,,,,,,,
2,0,1,1,2,1,1,1,,,,,,,,,
1,1,1,1,1,2,1,1,,,,,,,,,
0,0,1,2,6,2,1,1,,,,,,,,,
11,1,1,1,4,1,2,2,,,,,,,,,
1,1,2,3,2,1,2,1,,,,,,,,,
8,0,1,1,1,1,1,2,,,,,,,,,
3,0,1,2,2,1,1,1,,,,,,,,,
1,0,2,3,6,2,1,2,,,,,,,,,
3,0,1,2,6,2,1,1,,,,,,,,,
1,0,1,2,2,2,1,1,,,,,,,,,
15,1,1,3,2,1,2,1,,,,,,,,,
6,0,1,3,1,1,2,2,,,,,,,,,
2,1,1,1,2,2,1,1,,,,,,,,,
0,0,1,2,6,2,1,1,,,,,,,,,
0,0,1,1,4,2,1,1,,,,,,,,,
5,1,1,1,2,2,2,2,,,,,,,,,
3,1,1,3,1,1,2,2,,,,,,,,,
1,1,1,1,2,1,1,1,,,,,,,,,
1,0,1,1,2,2,1,1,,,,,,,,,
0,1,1,1,1,1,1,1,,,,,,,,,
5,1,1,1,2,2,1,2,,,,,,,,,
3,0,1,2,1,2,1,1,,,,,,,,,
2,1,1,1,2,1,1,1,,,,,,,,,
1,1,1,3,2,1,2,1,,,,,,,,,
1,0,1,3,1,1,2,2,,,,,,,,,
7,1,1,1,2,1,2,2,,,,,,,,,
2,0,1,1,2,1,2,1,,,,,,,,,
16,1,1,1,1,1,2,2,,,,,,,,,
0,0,1,1,2,2,1,1,,,,,,,,,
0,0,2,1,2,2,1,1,,,,,,,,,
0,0,1,1,6,1,1,1,,,,,,,,,
7,1,1,1,2,1,2,2,,,,,,,,,
0,0,2,1,4,2,1,1,,,,,,,,,
0,0,2,1,1,2,2,1,,,,,,,,,
4,1,1,1,1,1,1,1,,,,,,,,,
4,1,1,1,1,1,2,1,,,,,,,,,
14,0,2,1,2,1,2,2,,,,,,,,,
0,0,1,1,3,1,1,1,,,,,,,,,
0,0,1,1,1,2,1,1,,,,,,,,,
6,1,1,1,2,1,2,2,,,,,,,,,
0,0,2,1,4,2,1,1,,,,,,,,,
0,0,1,3,2,2,1,1,,,,,,,,,
0,1,1,3,1,1,2,2,,,,,,,,,
15,1,1,1,2,1,2,2,,,,,,,,,
1,0,1,2,1,1,1,1,,,,,,,,,
2,0,1,1,1,1,2,1,,,,,,,,,
0,0,1,1,4,1,1,1,,,,,,,,,
0,1,1,3,2,1,2,1,,,,,,,,,
0,1,2,2,4,2,1,1,,,,,,,,,
0,0,1,2,1,1,1,1,,,,,,,,,
0,1,1,3,2,1,2,1,,,,,,,,,
4,0,1,1,2,1,2,1,,,,,,,,,
1,0,1,2,4,1,2,1,,,,,,,,,
1,0,1,2,2,1,2,1,,,,,,,,,
1,0,2,1,2,2,1,1,,,,,,,,,
6,1,1,2,2,2,1,2,,,,,,,,,
2,1,1,1,2,1,1,1,,,,,,,,,
1,0,2,2,1,2,1,1,,,,,,,,,
1,0,2,1,2,1,1,1,,,,,,,,,
3,0,1,2,1,2,1,1,,,,,,,,,
0,0,1,1,4,2,2,1,,,,,,,,,
4,0,1,1,1,2,1,1,,,,,,,,,
0,0,1,1,1,1,1,1,,,,,,,,,
0,1,1,3,2,1,1,1,,,,,,,,,
3,1,1,3,2,1,2,1,,,,,,,,,
7,1,1,2,1,1,1,2,,,,,,,,,
1,1,1,3,2,1,2,1,,,,,,,,,
0,0,1,3,2,2,1,1,,,,,,,,,
0,0,1,2,4,1,1,1,,,,,,,,,
0,0,1,1,1,2,1,1,,,,,,,,,
1,1,1,2,1,1,1,1,,,,,,,,,
2,0,1,2,1,2,1,1,,,,,,,,,
2,1,1,1,1,1,2,1,,,,,,,,,
8,1,2,1,2,1,2,2,,,,,,,,,
4,1,1,1,2,1,2,1,,,,,,,,,
1,1,1,1,4,1,1,1,,,,,,,,,
1,1,1,3,1,1,2,2,,,,,,,,,
1,0,1,1,4,1,1,1,,,,,,,,,
3,1,1,2,1,1,1,1,,,,,,,,,
2,0,1,2,2,2,1,1,,,,,,,,,
5,0,1,2,1,1,2,2,,,,,,,,,
3,1,1,2,2,1,2,1,,,,,,,,,
0,0,1,1,2,2,1,1,,,,,,,,,
1,1,1,1,6,2,1,1,,,,,,,,,
1,0,1,3,4,1,1,2,,,,,,,,,
5,0,1,1,1,1,1,2,,,,,,,,,
10,1,1,1,2,1,2,2,,,,,,,,,
1,0,2,1,2,2,1,1,,,,,,,,,
0,0,2,3,2,1,2,1,,,,,,,,,
1,0,1,1,6,1,1,1,,,,,,,,,
0,0,2,2,1,2,1,1,,,,,,,,,
8,1,1,2,2,2,1,2,,,,,,,,,
0,1,1,1,2,2,1,1,,,,,,,,,
2,1,1,3,2,1,2,1,,,,,,,,,
2,1,1,1,2,1,2,1,,,,,,,,,
5,1,1,2,2,1,2,2,,,,,,,,,
5,1,1,2,1,1,2,2,,,,,,,,,
0,0,2,1,6,1,1,1,,,,,,,,,
5,1,1,1,2,1,2,2,,,,,,,,,
7,1,1,1,4,2,2,2,,,,,,,,,
0,0,1,1,1,1,2,1,,,,,,,,,
2,1,1,1,1,2,1,1,,,,,,,,,
0,0,1,2,1,2,1,1,,,,,,,,,
10,1,1,1,2,2,2,2,,,,,,,,,
2,1,1,3,1,1,1,2,,,,,,,,,
0,1,1,3,2,2,2,1,,,,,,,,,
3,0,2,2,2,1,1,1,,,,,,,,,
1,1,1,2,1,2,1,1,,,,,,,,,
0,0,1,1,4,2,1,1,,,,,,,,,
0,0,1,1,2,1,2,1,,,,,,,,,
2,0,1,1,1,1,2,1,,,,,,,,,
0,0,1,2,6,1,1,1,,,,,,,,,
0,0,2,1,1,2,1,1,,,,,,,,,
1,1,1,3,2,1,2,1,,,,,,,,,
1,0,1,3,2,1,2,1,,,,,,,,,
1,0,1,3,2,1,2,1,,,,,,,,,
2,0,1,1,2,2,1,1,,,,,,,,,
0,0,2,2,2,1,1,1,,,,,,,,,
16,0,1,1,2,1,2,2,,,,,,,,,
4,0,1,1,2,2,1,1,,,,,,,,,
1,0,1,3,6,1,1,2,,,,,,,,,
8,0,1,1,2,1,2,2,,,,,,,,,
15,0,2,2,1,1,2,2,,,,,,,,,
8,1,1,1,1,2,2,2,,,,,,,,,
10,1,1,1,2,1,2,2,,,,,,,,,
0,0,1,2,4,2,1,1,,,,,,,,,
2,0,1,1,2,1,1,1,,,,,,,,,
11,0,1,1,1,2,1,2,,,,,,,,,
0,1,2,3,1,2,2,2,,,,,,,,,
0,0,2,1,4,2,1,1,,,,,,,,,
0,1,1,3,2,1,2,1,,,,,,,,,
0,1,1,3,6,1,2,2,,,,,,,,,
5,0,1,2,2,2,1,2,,,,,,,,,
0,0,1,2,1,1,1,1,,,,,,,,,
0,0,1,3,2,1,2,1,,,,,,,,,
0,0,1,3,2,1,1,1,,,,,,,,,
11,0,2,1,2,1,2,2,,,,,,,,,
1,0,2,1,2,1,2,1,,,,,,,,,
2,1,2,1,4,1,1,1,,,,,,,,,
0,0,1,2,2,1,1,1,,,,,,,,,
0,0,2,1,1,2,2,1,,,,,,,,,
1,0,1,2,6,2,1,1,,,,,,,,,
0,0,2,1,2,2,1,1,,,,,,,,,
0,0,1,3,1,1,2,2,,,,,,,,,
0,0,1,1,2,1,1,1,,,,,,,,,
1,1,1,3,2,1,2,1,,,,,,,,,
8,1,1,1,2,1,2,2,,,,,,,,,
4,1,1,3,1,2,2,2,,,,,,,,,
1,1,1,1,1,2,1,1,,,,,,,,,
22,1,1,2,2,1,2,2,,,,,,,,,
2,1,1,3,2,2,2,1,,,,,,,,,
1,0,2,2,6,1,1,1,,,,,,,,,
0,0,1,2,1,1,2,1,,,,,,,,,
3,0,1,1,2,1,1,1,,,,,,,,,
0,0,1,2,1,1,1,1,,,,,,,,,
4,1,1,1,1,1,2,1,,,,,,,,,
9,1,2,1,2,1,2,2,,,,,,,,,
0,0,2,3,2,1,1,1,,,,,,,,,
3,0,1,1,2,2,2,1,,,,,,,,,
1,0,1,1,2,1,1,1,,,,,,,,,
0,0,2,2,1,2,1,1,,,,,,,,,
4,0,1,1,2,2,2,1,,,,,,,,,
0,0,2,1,1,2,1,1,,,,,,,,,
4,1,1,1,6,2,2,1,,,,,,,,,
0,0,1,2,6,2,1,1,,,,,,,,,
2,1,1,3,2,2,2,1,,,,,,,,,
4,0,1,3,2,1,2,1,,,,,,,,,
10,1,1,1,2,1,2,2,,,,,,,,,
9,1,1,1,2,1,2,2,,,,,,,,,
1,0,1,3,4,1,2,2,,,,,,,,,
0,1,1,1,4,1,1,1,,,,,,,,,
6,0,1,1,2,1,2,2,,,,,,,,,
10,1,1,1,2,2,2,2,,,,,,,,,
0,1,2,2,1,2,1,1,,,,,,,,,
10,1,2,1,1,1,2,2,,,,,,,,,
2,0,1,3,4,1,1,2,,,,,,,,,
4,0,1,1,1,1,1,1,,,,,,,,,
0,0,1,3,2,1,2,1,,,,,,,,,
10,0,1,1,2,1,2,2,,,,,,,,,
0,0,1,1,2,2,2,1,,,,,,,,,
5,0,1,1,1,1,1,2,,,,,,,,,
1,1,1,1,1,2,2,1,,,,,,,,,
2,1,1,3,2,1,1,1,,,,,,,,,
7,1,2,1,1,1,2,2,,,,,,,,,
0,0,2,1,2,2,2,1,,,,,,,,,
4,0,1,1,2,1,2,1,,,,,,,,,
4,0,1,2,2,2,2,1,,,,,,,,,
0,1,1,2,2,2,1,1,,,,,,,,,
0,1,1,2,6,1,2,1,,,,,,,,,
0,0,1,3,4,1,2,2,,,,,,,,,
4,0,1,3,6,1,2,2,,,,,,,,,
0,0,1,2,2,1,1,1,,,,,,,,,
0,0,1,2,1,2,1,1,,,,,,,,,
1,1,1,2,1,1,1,1,,,,,,,,,
2,0,1,1,2,2,1,1,,,,,,,,,
4,0,1,1,1,1,2,1,,,,,,,,,
9,0,1,1,1,2,1,2,,,,,,,,,
4,0,1,1,2,2,2,1,,,,,,,,,
0,0,1,3,1,1,2,2,,,,,,,,,
1,0,1,2,1,1,1,1,,,,,,,,,
0,0,1,1,2,2,1,1,,,,,,,,,
0,0,1,3,2,1,1,1,,,,,,,,,
13,0,1,2,4,1,1,2,,,,,,,,,
1,0,1,2,1,1,1,1,,,,,,,,,
6,1,2,1,1,1,1,2,,,,,,,,,
1,0,1,2,2,1,1,1,,,,,,,,,
0,0,1,1,2,2,1,1,,,,,,,,,
2,1,1,3,1,1,2,2,,,,,,,,,
0,1,1,3,1,2,1,2,,,,,,,,,
0,0,1,2,1,1,1,1,,,,,,,,,
3,1,1,3,1,1,2,2,,,,,,,,,
13,1,1,1,2,2,2,2,,,,,,,,,
1,1,1,3,1,1,2,2,,,,,,,,,
0,0,1,2,1,2,1,1,,,,,,,,,
5,0,1,1,2,1,1,2,,,,,,,,,
17,1,2,1,2,1,2,2,,,,,,,,,
12,1,1,1,2,1,2,2,,,,,,,,,
2,0,2,1,1,2,2,1,,,,,,,,,
0,1,1,3,4,1,1,2,,,,,,,,,
0,1,1,1,1,1,2,1,,,,,,,,,
0,0,2,2,1,2,1,1,,,,,,,,,
12,1,1,1,2,1,2,2,,,,,,,,,
1,1,1,3,2,2,2,1,,,,,,,,,
1,0,2,1,2,1,2,1,,,,,,,,,
2,0,1,1,2,2,1,1,,,,,,,,,
0,0,2,1,1,1,1,1,,,,,,,,,
1,1,1,1,2,1,1,1,,,,,,,,,
0,0,1,1,1,2,1,1,,,,,,,,,
9,1,1,1,2,1,2,2,,,,,,,,,
6,1,1,1,1,1,2,2,,,,,,,,,
1,1,1,1,2,1,1,1,,,,,,,,,
0,0,1,1,3,1,2,1,,,,,,,,,
3,1,1,1,2,1,1,1,,,,,,,,,
0,0,2,1,6,2,1,1,,,,,,,,,
0,0,1,1,1,2,1,1,,,,,,,,,
1,0,1,1,2,2,2,1,,,,,,,,,
1,1,1,3,2,2,2,1,,,,,,,,,
1,1,1,2,1,2,1,1,,,,,,,,,
4,1,2,1,6,2,2,1,,,,,,,,,
13,1,1,1,1,1,1,2,,,,,,,,,
1,0,2,1,2,1,1,1,,,,,,,,,
11,1,1,1,2,1,2,2,,,,,,,,,
0,0,1,1,1,1,1,1,,,,,,,,,
0,0,2,1,4,2,1,1,,,,,,,,,
25,1,1,2,2,1,2,2,,,,,,,,,
0,0,1,2,1,2,1,1,,,,,,,,,
0,0,2,1,1,1,2,1,,,,,,,,,
9,1,1,1,2,1,2,2,,,,,,,,,
15,1,1,1,2,1,2,2,,,,,,,,,
1,0,1,3,1,2,2,2,,,,,,,,,
2,0,1,1,2,1,1,1,,,,,,,,,
8,1,1,3,1,1,1,2,,,,,,,,,
4,0,2,2,1,2,1,1,,,,,,,,,
1,0,1,2,1,1,1,1,,,,,,,,,
4,0,2,1,2,1,2,1,,,,,,,,,
0,1,1,3,4,1,1,2,,,,,,,,,
0,0,1,1,1,1,1,1,,,,,,,,,
1,0,1,1,1,1,2,1,,,,,,,,,
0,0,1,1,2,2,1,1,,,,,,,,,
0,1,1,2,1,2,1,1,,,,,,,,,
1,1,1,3,4,2,2,2,,,,,,,,,
9,0,1,2,2,2,2,2,,,,,,,,,
6,0,1,2,2,1,1,2,,,,,,,,,
3,0,1,1,2,2,2,1,,,,,,,,,
3,1,1,1,2,1,2,1,,,,,,,,,
6,0,1,1,6,1,2,2,,,,,,,,,
5,0,1,1,2,2,2,2,,,,,,,,,
0,1,1,1,2,1,1,1,,,,,,,,,
8,0,1,2,2,1,1,2,,,,,,,,,
1,1,1,1,1,1,1,1,,,,,,,,,
0,1,1,1,2,1,1,1,,,,,,,,,
0,0,2,1,1,1,1,1,,,,,,,,,
3,1,1,2,2,1,2,1,,,,,,,,,
2,0,1,1,6,1,1,1,,,,,,,,,
0,0,1,3,2,1,1,1,,,,,,,,,
1,0,1,2,1,1,1,1,,,,,,,,,
25,0,1,2,2,1,2,2,,,,,,,,,
0,0,2,1,2,2,1,1,,,,,,,,,
21,1,2,2,2,2,2,2,,,,,,,,,
0,1,1,1,1,2,1,1,,,,,,,,,
1,1,1,3,1,1,2,2,,,,,,,,,
2,1,1,1,2,1,2,1,,,,,,,,,
5,1,1,1,1,1,2,2,,,,,,,,,
0,1,1,1,2,2,2,1,,,,,,,,,
19,1,1,1,2,1,2,2,,,,,,,,,
0,1,1,2,2,2,1,1,,,,,,,,,
2,0,1,1,2,1,1,1,,,,,,,,,
7,1,1,1,2,1,2,2,,,,,,,,,
0,0,2,1,2,1,1,1,,,,,,,,,
2,0,1,1,1,1,1,1,,,,,,,,,
1,1,1,3,2,2,1,1,,,,,,,,,
0,0,2,3,1,1,2,2,,,,,,,,,
5,1,1,1,2,1,2,2,,,,,,,,,
4,1,1,1,2,1,2,1,,,,,,,,,
0,0,1,2,1,2,1,1,,,,,,,,,
0,0,1,2,4,2,1,1,,,,,,,,,
7,1,1,1,1,1,2,2,,,,,,,,,
4,1,1,2,6,2,1,1,,,,,,,,,
3,0,1,2,2,1,1,1,,,,,,,,,
0,0,1,3,1,2,1,2,,,,,,,,,
0,1,2,3,2,1,1,1,,,,,,,,,
0,1,1,3,1,2,1,2,,,,,,,,,
0,0,1,1,2,1,1,1,,,,,,,,,
8,1,1,1,2,2,2,2,,,,,,,,,
1,0,2,3,1,1,2,2,,,,,,,,,
3,1,1,1,1,1,2,1,,,,,,,,,
6,1,1,1,2,2,2,2,,,,,,,,,
9,1,1,1,1,1,2,2,,,,,,,,,
36,1,1,2,1,1,2,2,,,,,,,,,
0,0,2,1,2,2,1,1,,,,,,,,,
13,1,1,1,2,1,2,2,,,,,,,,,
3,1,1,1,1,2,2,1,,,,,,,,,
2,0,1,1,2,1,1,1,,,,,,,,,
1,1,1,1,1,1,2,1,,,,,,,,,
0,0,1,3,4,2,1,2,,,,,,,,,
1,0,1,1,2,1,1,1,,,,,,,,,
3,1,2,1,2,2,1,1,,,,,,,,,
5,0,1,1,1,1,1,2,,,,,,,,,
1,0,2,1,2,2,2,1,,,,,,,,,
4,0,1,1,2,1,2,1,,,,,,,,,
0,0,2,1,2,2,1,1,,,,,,,,,
4,1,1,1,2,1,1,1,,,,,,,,,
1,0,1,2,1,2,1,1,,,,,,,,,
2,1,1,1,2,2,1,1,,,,,,,,,
3,1,2,1,1,1,2,1,,,,,,,,,
0,1,1,1,2,2,1,1,,,,,,,,,
10,1,2,1,2,1,2,2,,,,,,,,,
1,0,1,1,1,2,2,1,,,,,,,,,
1,1,1,3,2,1,2,1,,,,,,,,,
4,1,1,1,1,2,2,1,,,,,,,,,
0,1,1,3,2,2,2,1,,,,,,,,,
14,1,1,2,2,1,2,2,,,,,,,,,
0,1,2,2,1,2,1,1,,,,,,,,,
16,1,1,2,2,1,2,2,,,,,,,,,
2,1,1,3,1,1,2,2,,,,,,,,,
1,1,1,1,2,2,1,1,,,,,,,,,
0,1,1,3,1,1,1,2,,,,,,,,,
2,0,1,1,2,2,1,1,,,,,,,,,
0,0,2,1,2,1,1,1,,,,,,,,,
0,0,1,3,2,1,2,1,,,,,,,,,
0,0,1,1,2,1,1,1,,,,,,,,,
0,0,2,2,6,1,1,1,,,,,,,,,
3,0,1,2,2,2,1,1,,,,,,,,,
3,1,1,3,2,1,2,1,,,,,,,,,
2,0,1,2,4,2,1,1,,,,,,,,,
3,1,2,1,2,1,2,1,,,,,,,,,
2,1,1,1,2,1,2,1,,,,,,,,,
0,0,1,1,1,2,1,1,,,,,,,,,
5,0,2,1,1,1,2,2,,,,,,,,,
2,1,1,1,4,1,1,1,,,,,,,,,
2,1,1,3,2,1,2,1,,,,,,,,,
2,1,2,1,2,1,2,1,,,,,,,,,
0,1,2,3,2,1,2,1,,,,,,,,,
0,0,2,2,1,2,1,1,,,,,,,,,
16,1,1,1,1,1,2,2,,,,,,,,,
0,0,1,1,6,1,1,1,,,,,,,,,
2,0,1,1,2,1,1,1,,,,,,,,,
2,1,1,3,2,1,1,1,,,,,,,,,
0,1,1,3,2,1,2,1,,,,,,,,,
3,1,1,1,2,1,1,1,,,,,,,,,
7,1,1,1,2,1,2,2,,,,,,,,,
4,1,1,1,2,1,2,1,,,,,,,,,
0,0,1,1,1,1,1,1,,,,,,,,,
0,1,1,3,6,2,2,2,,,,,,,,,
1,1,1,1,2,1,1,1,,,,,,,,,
0,0,2,1,1,2,1,1,,,,,,,,,
2,1,1,1,2,1,2,1,,,,,,,,,
1,0,1,3,1,1,1,2,,,,,,,,,
1,0,1,1,1,1,2,1,,,,,,,,,
4,1,1,2,1,1,1,1,,,,,,,,,
1,0,1,1,2,1,1,1,,,,,,,,,
0,1,1,3,2,2,1,1,,,,,,,,,
0,0,1,1,6,2,1,1,,,,,,,,,
1,0,1,1,4,2,2,1,,,,,,,,,
6,0,1,1,1,2,2,2,,,,,,,,,
1,0,2,2,1,2,1,1,,,,,,,,,
0,0,2,1,6,2,1,1,,,,,,,,,
2,0,1,2,2,2,1,1,,,,,,,,,
1,0,1,3,1,1,1,2,,,,,,,,,
1,1,1,1,2,2,1,1,,,,,,,,,
8,1,1,1,2,2,2,2,,,,,,,,,
1,0,2,1,6,1,1,1,,,,,,,,,
9,1,1,1,2,2,2,2,,,,,,,,,
1,1,1,1,1,2,1,1,,,,,,,,,
3,0,2,3,1,1,2,2,,,,,,,,,
4,1,1,1,1,1,2,1,,,,,,,,,
1,0,1,1,2,2,2,1,,,,,,,,,
0,1,1,1,2,1,1,1,,,,,,,,,
2,0,1,1,2,2,2,1,,,,,,,,,
2,0,1,1,5,1,1,1,,,,,,,,,
9,1,1,2,4,1,2,2,,,,,,,,,
3,1,1,1,2,1,2,1,,,,,,,,,
6,0,2,1,1,1,2,2,,,,,,,,,
1,1,1,3,2,1,2,1,,,,,,,,,
6,0,2,1,2,1,1,2,,,,,,,,,
2,0,2,2,2,1,1,1,,,,,,,,,
1,1,1,1,2,1,2,1,,,,,,,,,
1,0,1,2,2,1,1,1,,,,,,,,,
8,0,1,1,1,1,1,2,,,,,,,,,
3,0,2,1,2,1,1,1,,,,,,,,,
0,0,2,3,2,1,1,1,,,,,,,,,
1,0,1,1,2,2,1,1,,,,,,,,,
1,0,1,1,2,2,1,1,,,,,,,,,
11,1,1,3,2,1,2,1,,,,,,,,,
3,1,1,3,1,1,2,2,,,,,,,,,
15,0,1,1,2,1,2,2,,,,,,,,,
0,0,1,3,1,1,1,2,,,,,,,,,
1,0,1,1,1,1,2,1,,,,,,,,,
5,0,1,1,2,1,1,2,,,,,,,,,
0,0,1,3,2,1,2,1,,,,,,,,,
0,0,2,3,2,2,1,1,,,,,,,,,
14,1,1,2,1,1,1,2,,,,,,,,,
5,0,2,1,2,1,2,2,,,,,,,,,
0,0,1,2,1,1,1,1,,,,,,,,,
5,0,1,2,2,2,1,2,,,,,,,,,
22,1,1,2,5,1,2,2,,,,,,,,,
0,1,1,1,1,2,2,1,,,,,,,,,
1,0,1,3,2,1,2,1,,,,,,,,,
0,1,1,3,1,2,1,2,,,,,,,,,
2,1,1,1,2,2,2,1,,,,,,,,,
0,0,1,2,1,1,1,1,,,,,,,,,
1,0,1,2,1,1,1,1,,,,,,,,,
4,0,1,1,2,2,2,1,,,,,,,,,
1,1,1,1,1,1,1,1,,,,,,,,,
1,0,2,1,2,1,1,1,,,,,,,,,
3,0,1,1,1,1,1,1,,,,,,,,,
1,0,2,1,2,1,1,1,,,,,,,,,
17,1,1,2,1,1,2,2,,,,,,,,,
0,0,1,1,2,2,1,1,,,,,,,,,
0,1,2,2,1,1,2,1,,,,,,,,,
9,0,1,1,2,1,2,2,,,,,,,,,
3,0,1,3,2,1,2,1,,,,,,,,,
0,1,2,1,1,1,1,1,,,,,,,,,
0,0,2,1,2,1,1,1,,,,,,,,,
5,0,1,2,2,1,1,2,,,,,,,,,
8,0,1,3,1,1,2,2,,,,,,,,,
0,0,1,3,2,2,2,1,,,,,,,,,
0,0,1,3,2,1,1,1,,,,,,,,,
3,0,1,1,2,2,2,1,,,,,,,,,
8,0,1,1,2,2,2,2,,,,,,,,,
1,1,1,1,2,1,1,1,,,,,,,,,
1,1,1,3,2,1,1,1,,,,,,,,,
17,1,1,1,2,1,2,2,,,,,,,,,
12,1,2,1,1,1,2,2,,,,,,,,,
9,0,1,1,2,1,1,2,,,,,,,,,
3,0,2,3,2,1,2,1,,,,,,,,,
0,0,1,3,1,2,1,2,,,,,,,,,
3,1,1,3,1,1,2,2,,,,,,,,,
8,1,1,2,2,1,1,2,,,,,,,,,
5,0,1,2,2,2,2,2,,,,,,,,,
0,0,1,1,6,2,1,1,,,,,,,,,
0,0,1,3,2,1,2,1,,,,,,,,,
2,1,1,3,2,1,2,1,,,,,,,,,
0,0,1,1,6,2,1,1,,,,,,,,,
2,1,1,3,2,1,2,1,,,,,,,,,
1,1,1,1,4,1,1,1,,,,,,,,,
1,1,2,2,1,2,1,1,,,,,,,,,
1,1,2,1,2,2,2,1,,,,,,,,,
2,0,1,1,1,2,1,1,,,,,,,,,
1,0,1,1,1,2,1,1,,,,,,,,,
15,1,2,1,1,1,2,2,,,,,,,,,
0,0,1,1,6,1,1,1,,,,,,,,,
0,1,1,3,2,1,2,1,,,,,,,,,
3,1,1,2,2,1,1,1,,,,,,,,,
0,0,1,1,6,2,1,1,,,,,,,,,
1,1,1,3,1,1,2,2,,,,,,,,,
0,0,2,1,4,2,1,1,,,,,,,,,
0,0,1,1,2,1,1,1,,,,,,,,,
0,0,1,2,4,2,1,1,,,,,,,,,
0,0,1,3,2,1,1,1,,,,,,,,,
3,0,1,1,2,1,1,1,,,,,,,,,
3,1,1,3,1,1,2,2,,,,,,,,,
1,1,1,3,2,1,2,1,,,,,,,,,
2,0,1,1,2,1,1,1,,,,,,,,,
0,1,1,1,2,1,1,1,,,,,,,,,
5,0,1,3,6,2,2,2,,,,,,,,,
1,1,1,1,1,1,1,1,,,,,,,,,
1,0,2,1,2,1,1,1,,,,,,,,,
0,0,1,1,2,1,1,1,,,,,,,,,
7,1,1,1,1,1,2,2,,,,,,,,,
1,0,1,1,4,2,2,1,,,,,,,,,
0,1,1,1,6,1,1,1,,,,,,,,,
9,1,1,1,2,1,2,2,,,,,,,,,
1,1,1,3,2,1,2,1,,,,,,,,,
0,0,2,1,1,1,1,1,,,,,,,,,
0,1,1,3,1,2,2,2,,,,,,,,,
2,1,1,2,4,1,1,1,,,,,,,,,
4,0,2,2,2,1,1,1,,,,,,,,,
2,1,1,3,2,1,2,1,,,,,,,,,
0,1,1,3,3,1,2,2,,,,,,,,,
12,0,1,2,2,1,1,2,,,,,,,,,
0,0,1,1,2,1,2,1,,,,,,,,,
21,0,1,1,2,1,2,2,,,,,,,,,
6,1,1,1,2,1,2,2,,,,,,,,,
2,0,1,1,1,1,1,1,,,,,,,,,
0,0,1,3,1,2,1,2,,,,,,,,,
2,1,1,3,2,1,1,1,,,,,,,,,
13,0,1,2,2,1,2,2,,,,,,,,,
2,0,1,1,4,1,1,1,,,,,,,,,
3,0,1,2,2,2,1,1,,,,,,,,,
2,1,2,3,2,1,2,1,,,,,,,,,
0,0,1,3,2,1,1,1,,,,,,,,,
0,1,1,3,2,1,2,1,,,,,,,,,
9,0,1,1,2,1,2,2,,,,,,,,,
0,0,2,1,1,1,1,1,,,,,,,,,
2,1,2,3,2,1,2,1,,,,,,,,,
0,0,1,1,4,1,2,1,,,,,,,,,
5,1,1,1,2,2,2,2,,,,,,,,,
3,0,1,1,6,2,1,1,,,,,,,,,
2,1,1,1,1,1,2,1,,,,,,,,,
2,1,1,1,3,1,1,1,,,,,,,,,
0,0,1,1,1,2,1,1,,,,,,,,,
0,0,2,1,2,2,1,1,,,,,,,,,
3,1,1,1,1,1,2,1,,,,,,,,,
2,0,2,3,2,1,2,1,,,,,,,,,
3,0,1,1,1,1,1,1,,,,,,,,,
0,0,1,3,2,1,1,1,,,,,,,,,
0,0,1,1,1,2,1,1,,,,,,,,,
0,0,1,2,1,2,1,1,,,,,,,,,
1,0,1,1,6,2,1,1,,,,,,,,,
2,1,2,3,2,1,2,1,,,,,,,,,
0,1,1,3,6,2,1,2,,,,,,,,,
0,1,1,2,1,2,2,1,,,,,,,,,
13,1,1,2,2,2,2,2,,,,,,,,,
1,0,1,1,1,1,1,1,,,,,,,,,
0,0,1,3,2,2,1,1,,,,,,,,,
0,0,1,1,2,2,1,1,,,,,,,,,
4,0,1,1,1,1,2,1,,,,,,,,,
3,1,1,3,1,1,2,2,,,,,,,,,
0,1,1,3,6,1,1,2,,,,,,,,,
1,0,1,2,1,2,1,1,,,,,,,,,
3,1,1,1,2,2,2,1,,,,,,,,,
0,0,1,1,6,1,1,1,,,,,,,,,
8,0,1,1,2,1,2,2,,,,,,,,,
1,0,2,2,2,1,1,1,,,,,,,,,
1,1,1,3,1,1,2,2,,,,,,,,,
0,0,1,1,2,1,1,1,,,,,,,,,
1,0,2,1,2,2,1,1,,,,,,,,,
0,0,2,2,1,1,1,1,,,,,,,,,
6,1,1,2,1,2,1,2,,,,,,,,,
0,0,1,2,2,2,1,1,,,,,,,,,
0,0,1,1,2,1,1,1,,,,,,,,,
0,0,1,3,1,2,2,2,,,,,,,,,
0,0,2,3,1,2,2,2,,,,,,,,,
1,0,1,1,4,2,1,1,,,,,,,,,
1,1,1,1,2,2,2,1,,,,,,,,,
7,1,1,1,2,1,1,2,,,,,,,,,
5,1,1,1,2,1,2,2,,,,,,,,,
0,1,1,1,2,2,1,1,,,,,,,,,
1,0,1,1,2,1,1,1,,,,,,,,,
2,1,1,1,1,2,1,1,,,,,,,,,
0,0,1,1,2,1,2,1,,,,,,,,,
4,1,2,2,4,1,1,1,,,,,,,,,
3,1,1,3,4,1,2,2,,,,,,,,,
1,0,2,1,2,1,1,1,,,,,,,,,
0,1,1,3,2,1,2,1,,,,,,,,,
1,0,1,2,1,1,1,1,,,,,,,,,
6,1,1,1,2,1,2,2,,,,,,,,,
7,1,1,3,2,1,2,1,,,,,,,,,
0,1,2,1,1,2,1,1,,,,,,,,,
3,1,1,2,1,2,1,1,,,,,,,,,
9,1,1,2,2,2,1,2,,,,,,,,,
2,1,1,1,4,2,1,1,,,,,,,,,
0,0,1,3,2,1,1,1,,,,,,,,,
6,0,1,2,2,1,1,2,,,,,,,,,
1,0,1,2,1,1,1,1,,,,,,,,,
1,1,1,2,2,2,2,1,,,,,,,,,
3,1,2,1,4,2,1,1,,,,,,,,,
11,0,1,1,2,1,1,2,,,,,,,,,
3,1,1,1,4,1,2,1,,,,,,,,,
5,0,1,1,4,2,1,2,,,,,,,,,
0,1,1,3,4,1,2,2,,,,,,,,,
1,0,1,1,2,1,2,1,,,,,,,,,
0,1,1,3,1,1,2,2,,,,,,,,,
1,1,1,2,1,1,1,1,,,,,,,,,
1,0,1,3,2,1,1,1,,,,,,,,,
4,0,1,2,1,1,1,1,,,,,,,,,
0,0,1,2,6,1,1,1,,,,,,,,,
3,1,1,1,2,1,1,1,,,,,,,,,
6,1,1,2,1,1,2,2,,,,,,,,,
21,1,1,1,2,2,2,2,,,,,,,,,
2,1,1,3,2,1,2,1,,,,,,,,,
1,1,2,1,1,2,1,1,,,,,,,,,
3,1,1,1,1,2,1,1,,,,,,,,,
9,0,1,1,2,1,2,2,,,,,,,,,
1,0,1,1,2,1,1,1,,,,,,,,,
5,0,1,1,6,1,1,2,,,,,,,,,
1,1,1,1,2,1,2,1,,,,,,,,,
13,1,1,1,2,1,2,2,,,,,,,,,
0,0,1,3,6,1,1,2,,,,,,,,,
0,0,1,1,1,1,2,1,,,,,,,,,
1,1,1,2,1,1,1,1,,,,,,,,,
3,1,1,2,1,1,1,1,,,,,,,,,
0,0,1,3,1,2,2,2,,,,,,,,,
0,1,1,1,2,1,2,1,,,,,,,,,
3,1,1,2,1,2,1,1,,,,,,,,,
1,1,1,1,2,2,2,1,,,,,,,,,
0,1,1,1,1,1,2,1,,,,,,,,,
1,0,1,2,1,1,1,1,,,,,,,,,
1,1,1,1,2,1,1,1,,,,,,,,,
2,0,1,2,2,2,1,1,,,,,,,,,
3,0,1,1,5,2,2,1,,,,,,,,,
4,0,1,1,1,1,2,1,,,,,,,,,
4,1,1,1,1,2,1,1,,,,,,,,,
11,1,1,1,2,1,2,2,,,,,,,,,
1,0,1,3,1,1,2,2,,,,,,,,,
1,0,1,2,2,1,1,1,,,,,,,,,
0,0,2,1,1,2,2,1,,,,,,,,,
13,0,1,1,2,1,2,2,,,,,,,,,
3,1,1,1,2,2,1,1,,,,,,,,,
1,0,1,1,2,1,2,1,,,,,,,,,
1,0,2,1,1,1,1,1,,,,,,,,,
0,1,1,1,6,1,2,1,,,,,,,,,
2,0,1,2,1,1,1,1,,,,,,,,,
9,1,1,1,2,1,2,2,,,,,,,,,
6,0,1,1,1,1,1,2,,,,,,,,,
1,0,1,1,2,1,2,1,,,,,,,,,
4,0,1,1,1,2,1,1,,,,,,,,,
2,0,1,2,6,1,1,1,,,,,,,,,
1,0,2,2,2,1,1,1,,,,,,,,,
0,1,1,3,2,1,1,1,,,,,,,,,
0,1,1,3,1,1,2,2,,,,,,,,,
1,0,1,3,1,2,2,2,,,,,,,,,
0,0,1,1,2,1,1,1,,,,,,,,,
4,0,2,2,2,1,1,1,,,,,,,,,
6,1,1,1,6,1,1,2,,,,,,,,,
3,1,1,1,4,1,1,1,,,,,,,,,
0,0,2,2,1,2,1,1,,,,,,,,,
11,1,1,1,1,2,2,2,,,,,,,,,
1,1,1,1,2,1,2,1,,,,,,,,,
0,0,1,1,1,1,1,1,,,,,,,,,
0,1,1,3,2,1,1,1,,,,,,,,,
5,1,1,2,1,1,1,2,,,,,,,,,
2,0,1,1,2,1,2,1,,,,,,,,,
0,0,2,1,1,2,1,1,,,,,,,,,
2,0,1,1,1,1,1,1,,,,,,,,,
1,0,1,1,2,1,1,1,,,,,,,,,
7,0,1,1,1,2,2,2,,,,,,,,,
0,1,1,1,2,2,1,1,,,,,,,,,
1,1,2,1,4,1,1,1,,,,,,,,,
1,0,1,3,2,1,2,1,,,,,,,,,
9,1,2,1,1,1,2,2,,,,,,,,,
0,0,1,1,1,2,1,1,,,,,,,,,
2,1,2,3,2,1,2,1,,,,,,,,,
4,0,2,2,1,1,2,1,,,,,,,,,
0,0,1,3,2,1,2,1,,,,,,,,,
18,0,1,2,4,1,1,2,,,,,,,,,
0,0,1,3,2,1,2,1,,,,,,,,,
19,1,1,1,2,1,2,2,,,,,,,,,
0,0,1,1,2,1,2,1,,,,,,,,,
0,0,1,3,2,1,2,1,,,,,,,,,
3,1,2,1,2,1,1,1,,,,,,,,,
0,0,2,1,2,1,2,1,,,,,,,,,
8,1,1,3,1,1,2,2,,,,,,,,,
0,0,1,2,2,2,1,1,,,,,,,,,
0,0,1,2,4,2,1,1,,,,,,,,,
4,1,1,2,2,1,1,1,,,,,,,,,
0,0,1,2,4,1,1,1,,,,,,,,,
23,1,1,1,2,1,2,2,,,,,,,,,
1,1,2,1,1,2,2,1,,,,,,,,,
0,0,1,1,1,2,1,1,,,,,,,,,
1,0,1,1,2,1,2,1,,,,,,,,,
0,0,1,3,2,1,1,1,,,,,,,,,
0,0,2,1,1,2,1,1,,,,,,,,,
1,0,1,2,2,1,1,1,,,,,,,,,
2,0,1,1,4,1,1,1,,,,,,,,,
9,1,1,1,2,1,2,2,,,,,,,,,
1,1,1,3,1,1,1,2,,,,,,,,,
10,1,1,1,2,1,2,2,,,,,,,,,
0,0,1,1,2,1,1,1,,,,,,,,,
2,0,1,1,2,1,1,1,,,,,,,,,
0,1,1,3,1,2,1,2,,,,,,,,,
5,1,1,1,1,1,2,2,,,,,,,,,
16,0,1,2,2,1,2,2,,,,,,,,,
0,0,1,1,4,2,1,1,,,,,,,,,
6,0,1,1,1,1,1,2,,,,,,,,,
10,1,1,1,2,1,2,2,,,,,,,,,
1,1,1,1,1,1,1,1,,,,,,,,,
2,0,1,1,2,1,2,1,,,,,,,,,
0,1,1,3,4,1,2,2,,,,,,,,,
0,0,2,2,1,1,1,1,,,,,,,,,
18,1,1,1,2,1,2,2,,,,,,,,,
2,1,2,1,1,1,2,1,,,,,,,,,
6,1,1,1,2,2,2,2,,,,,,,,,
2,1,1,1,2,1,2,1,,,,,,,,,
1,1,1,3,2,1,2,1,,,,,,,,,
1,0,1,1,4,1,1,1,,,,,,,,,
2,1,1,3,2,2,2,1,,,,,,,,,
0,1,1,3,4,1,1,2,,,,,,,,,
3,1,2,3,2,1,2,1,,,,,,,,,
9,0,1,1,1,1,2,2,,,,,,,,,
1,0,2,3,2,1,2,1,,,,,,,,,
2,0,2,3,2,1,2,1,,,,,,,,,
4,1,2,3,2,1,2,1,,,,,,,,,
0,0,1,1,1,1,1,1,,,,,,,,,
0,0,1,1,2,1,1,1,,,,,,,,,
0,1,1,3,4,1,1,2,,,,,,,,,
0,0,1,1,2,2,1,1,,,,,,,,,
3,1,1,2,1,1,2,1,,,,,,,,,
5,0,1,1,1,1,1,2,,,,,,,,,
1,1,1,1,2,1,2,1,,,,,,,,,
8,1,1,3,2,1,2,1,,,,,,,,,
0,0,1,1,2,1,2,1,,,,,,,,,
0,0,2,2,1,1,1,1,,,,,,,,,
4,1,2,3,2,1,2,1,,,,,,,,,
16,0,2,1,2,1,2,2,,,,,,,,,
16,1,1,1,2,1,2,2,,,,,,,,,
0,0,1,1,1,2,1,1,,,,,,,,,
1,0,1,1,4,2,1,1,,,,,,,,,
1,0,1,1,6,1,1,1,,,,,,,,,
0,0,1,2,1,2,1,1,,,,,,,,,
2,1,1,3,4,2,2,2,,,,,,,,,
7,1,1,2,2,1,2,2,,,,,,,,,
0,0,1,1,2,1,2,1,,,,,,,,,
0,1,2,1,2,1,2,1,,,,,,,,,
0,0,1,3,2,1,2,1,,,,,,,,,
8,1,1,1,2,1,1,2,,,,,,,,,
1,1,1,1,1,1,1,1,,,,,,,,,
1,1,1,3,2,1,2,1,,,,,,,,,
5,1,1,2,6,2,1,2,,,,,,,,,
2,1,1,1,2,1,2,1,,,,,,,,,
0,0,1,2,1,1,1,1,,,,,,,,,
8,0,1,1,2,1,2,2,,,,,,,,,
5,1,1,1,2,2,2,2,,,,,,,,,
4,0,1,2,1,2,1,1,,,,,,,,,
0,0,1,1,2,2,1,1,,,,,,,,,
3,0,1,2,1,1,1,1,,,,,,,,,
0,0,1,1,1,1,1,1,,,,,,,,,
1,0,1,2,2,1,1,1,,,,,,,,,
5,1,1,1,1,1,2,2,,,,,,,,,
2,1,1,3,2,2,2,1,,,,,,,,,
7,0,1,2,1,1,1,2,,,,,,,,,
1,1,1,1,2,2,2,1,,,,,,,,,
0,0,1,2,1,2,1,1,,,,,,,,,
1,1,1,3,2,1,2,1,,,,,,,,,
7,0,1,1,2,1,1,2,,,,,,,,,
9,0,2,1,2,1,2,2,,,,,,,,,
11,1,1,3,1,1,2,2,,,,,,,,,
8,0,1,1,1,1,1,2,,,,,,,,,
0,1,1,1,6,1,2,1,,,,,,,,,
12,1,1,1,2,2,2,2,,,,,,,,,
1,0,1,1,2,2,1,1,,,,,,,,,
1,0,1,2,4,2,1,1,,,,,,,,,
3,0,2,1,2,1,1,1,,,,,,,,,
0,0,1,2,1,2,1,1,,,,,,,,,
3,1,1,1,1,1,2,1,,,,,,,,,
0,0,1,1,1,1,1,1,,,,,,,,,
2,0,2,1,2,2,1,1,,,,,,,,,
0,0,2,3,2,2,2,1,,,,,,,,,
0,1,1,1,1,1,1,1,,,,,,,,,
3,1,1,2,2,2,1,1,,,,,,,,,
7,1,1,1,2,1,2,2,,,,,,,,,
2,0,1,1,2,2,2,1,,,,,,,,,
0,0,2,1,4,1,1,1,,,,,,,,,
0,0,1,1,1,1,2,1,,,,,,,,,
3,0,2,2,2,2,1,1,,,,,,,,,
2,0,1,1,2,2,2,1,,,,,,,,,
0,0,1,1,1,2,1,1,,,,,,,,,
1,1,1,3,2,1,2,1,,,,,,,,,
3,1,1,1,1,2,2,1,,,,,,,,,
2,1,1,3,2,1,2,1,,,,,,,,,
7,0,1,3,2,2,2,1,,,,,,,,,
3,0,1,1,1,1,1,1,,,,,,,,,
0,0,1,1,2,1,1,1,,,,,,,,,
0,1,1,3,2,1,2,1,,,,,,,,,
13,0,1,2,2,1,1,2,,,,,,,,,
2,0,1,1,2,1,2,1,,,,,,,,,
0,0,1,1,2,2,1,1,,,,,,,,,
14,0,1,1,2,1,2,2,,,,,,,,,
6,1,1,1,2,1,2,2,,,,,,,,,
9,1,1,1,1,2,1,2,,,,,,,,,
4,0,1,2,2,1,1,1,,,,,,,,,
13,1,1,2,2,1,2,2,,,,,,,,,
1,1,1,1,1,2,1,1,,,,,,,,,
0,1,2,2,1,2,1,1,,,,,,,,,
0,0,1,1,4,1,1,1,,,,,,,,,
19,1,1,1,2,1,2,2,,,,,,,,,
2,0,1,1,1,1,1,1,,,,,,,,,
20,1,1,1,2,1,2,2,,,,,,,,,
0,1,2,1,1,1,1,1,,,,,,,,,
6,1,1,1,2,1,1,2,,,,,,,,,
2,1,1,1,1,1,1,1,,,,,,,,,
0,0,1,3,4,2,1,2,,,,,,,,,
6,1,1,1,2,1,2,2,,,,,,,,,
3,0,2,1,2,1,1,1,,,,,,,,,
2,0,1,1,6,2,1,1,,,,,,,,,
0,1,1,3,2,2,1,1,,,,,,,,,
0,1,2,3,1,1,2,2,,,,,,,,,
0,1,1,1,1,1,2,1,,,,,,,,,
3,1,1,3,2,2,2,1,,,,,,,,,
0,1,1,1,1,1,2,1,,,,,,,,,
1,1,1,3,6,1,1,2,,,,,,,,,
1,0,1,1,2,1,2,1,,,,,,,,,
3,1,2,1,2,1,1,1,,,,,,,,,
0,0,1,1,6,2,1,1,,,,,,,,,
0,0,1,2,1,2,1,1,,,,,,,,,
0,0,1,3,2,2,2,1,,,,,,,,,
0,0,1,1,1,1,2,1,,,,,,,,,
0,0,1,2,4,1,1,1,,,,,,,,,
9,0,1,1,4,1,2,2,,,,,,,,,
0,0,1,3,1,1,1,2,,,,,,,,,
0,1,1,1,1,1,2,1,,,,,,,,,
3,1,1,3,1,2,2,2,,,,,,,,,
1,1,1,3,2,1,2,1,,,,,,,,,
0,0,2,2,1,2,1,1,,,,,,,,,
5,0,2,2,1,2,1,2,,,,,,,,,
0,0,1,2,3,2,1,1,,,,,,,,,
1,1,1,3,2,1,2,1,,,,,,,,,
7,0,1,1,2,1,1,2,,,,,,,,,
15,1,1,1,2,1,2,2,,,,,,,,,
3,0,1,1,2,1,1,1,,,,,,,,,
1,1,1,3,2,1,1,1,,,,,,,,,
1,1,1,1,2,2,2,1,,,,,,,,,
12,1,1,1,2,1,2,2,,,,,,,,,
0,0,1,2,1,1,1,1,,,,,,,,,
0,0,1,3,1,1,2,2,,,,,,,,,
9,1,1,1,2,1,2,2,,,,,,,,,
0,0,2,1,2,2,1,1,,,,,,,,,
3,1,2,1,1,1,2,1,,,,,,,,,
1,1,2,2,1,2,1,1,,,,,,,,,
0,1,2,3,2,2,2,1,,,,,,,,,
13,1,1,1,2,2,2,2,,,,,,,,,
13,1,1,2,1,2,1,2,,,,,,,,,
0,0,1,1,1,1,2,1,,,,,,,,,
0,0,2,2,2,1,1,1,,,,,,,,,
0,0,1,3,2,1,1,1,,,,,,,,,
0,0,1,1,1,1,1,1,,,,,,,,,
1,0,1,1,4,1,1,1,,,,,,,,,
2,0,1,1,1,2,1,1,,,,,,,,,
0,0,1,1,6,2,1,1,,,,,,,,,
1,0,1,1,1,1,1,1,,,,,,,,,
1,0,1,1,2,1,1,1,,,,,,,,,
12,1,1,1,2,1,1,2,,,,,,,,,
1,0,1,1,1,1,1,1,,,,,,,,,
20,1,1,2,1,1,2,2,,,,,,,,,
0,0,1,2,1,1,1,1,,,,,,,,,
0,0,1,1,2,2,1,1,,,,,,,,,
37,1,1,1,2,2,2,2,,,,,,,,,
3,0,1,1,1,1,2,1,,,,,,,,,
8,1,1,1,2,1,2,2,,,,,,,,,
0,1,1,1,1,1,2,1,,,,,,,,,
0,0,2,1,1,2,1,1,,,,,,,,,
0,1,2,3,1,1,2,2,,,,,,,,,
3,1,1,3,2,1,2,1,,,,,,,,,
0,1,1,3,4,1,2,2,,,,,,,,,
2,1,1,3,2,1,2,1,,,,,,,,,
1,0,1,1,2,2,2,1,,,,,,,,,
12,0,1,1,1,1,1,2,,,,,,,,,
2,1,1,3,2,1,2,1,,,,,,,,,
1,0,1,1,1,2,1,1,,,,,,,,,
3,1,1,1,2,2,1,1,,,,,,,,,
0,0,1,2,1,1,1,1,,,,,,,,,
2,0,2,3,2,1,1,1,,,,,,,,,
11,1,1,1,2,2,2,2,,,,,,,,,
2,1,1,1,1,2,1,1,,,,,,,,,
1,1,1,2,2,2,1,1,,,,,,,,,
0,0,1,1,1,2,1,1,,,,,,,,,
11,1,1,1,2,2,2,2,,,,,,,,,
1,1,1,2,2,1,1,1,,,,,,,,,
0,0,1,3,2,1,1,1,,,,,,,,,
0,0,1,3,2,1,2,1,,,,,,,,,
0,0,1,1,1,1,1,1,,,,,,,,,
0,0,2,2,2,1,1,1,,,,,,,,,
10,1,1,1,1,1,2,2,,,,,,,,,
3,0,1,1,2,1,2,1,,,,,,,,,
1,0,1,1,4,2,1,1,,,,,,,,,
6,0,1,1,1,1,1,2,,,,,,,,,
0,1,2,1,2,2,1,1,,,,,,,,,
20,1,1,1,2,1,2,2,,,,,,,,,
15,1,1,1,2,1,2,2,,,,,,,,,
0,0,2,1,1,2,1,1,,,,,,,,,
10,1,1,1,2,1,2,2,,,,,,,,,
4,1,1,1,2,1,2,1,,,,,,,,,
15,0,1,1,2,1,2,2,,,,,,,,,
2,1,1,1,2,2,2,1,,,,,,,,,
0,0,1,2,1,2,1,1,,,,,,,,,
12,1,1,1,1,2,2,2,,,,,,,,,
2,1,1,2,2,1,1,1,,,,,,,,,
0,1,1,3,2,2,1,1,,,,,,,,,
0,0,1,1,2,1,1,1,,,,,,,,,
5,0,2,1,2,2,2,2,,,,,,,,,
3,1,1,1,1,1,2,1,,,,,,,,,
8,1,1,1,2,1,2,2,,,,,,,,,
12,1,1,1,2,1,2,2,,,,,,,,,
1,0,1,1,1,1,1,1,,,,,,,,,
0,1,1,1,2,1,1,1,,,,,,,,,
0,1,1,2,2,2,1,1,,,,,,,,,
6,1,1,1,2,1,2,2,,,,,,,,,
5,1,1,1,2,1,2,2,,,,,,,,,
1,1,1,2,1,2,1,1,,,,,,,,,
6,1,1,1,2,1,2,2,,,,,,,,,
0,1,1,1,1,2,2,1,,,,,,,,,
0,0,1,1,2,2,1,1,,,,,,,,,
0,0,1,2,1,1,1,1,,,,,,,,,
1,0,1,1,1,1,2,1,,,,,,,,,
1,1,1,1,2,2,1,1,,,,,,,,,
4,1,1,3,2,1,2,1,,,,,,,,,
7,0,1,1,2,1,1,2,,,,,,,,,
0,0,1,3,2,1,2,1,,,,,,,,,
0,0,1,1,2,1,1,1,,,,,,,,,
0,1,1,1,4,2,1,1,,,,,,,,,
14,0,2,1,4,1,2,2,,,,,,,,,
3,0,1,1,2,1,2,1,,,,,,,,,
0,1,1,1,2,2,1,1,,,,,,,,,
0,0,1,1,2,2,1,1,,,,,,,,,
11,1,1,1,2,1,2,2,,,,,,,,,
3,0,1,1,1,2,1,1,,,,,,,,,
1,1,1,1,2,1,1,1,,,,,,,,,
2,1,1,3,1,1,2,2,,,,,,,,,
0,0,2,2,1,1,2,1,,,,,,,,,
4,1,1,3,1,1,2,2,,,,,,,,,
1,1,1,2,1,1,1,1,,,,,,,,,
15,1,1,2,2,2,2,2,,,,,,,,,
1,1,1,1,2,1,2,1,,,,,,,,,
0,1,2,2,1,1,1,1,,,,,,,,,
0,0,1,1,6,2,1,1,,,,,,,,,
3,1,1,1,1,1,1,1,,,,,,,,,
1,0,1,1,1,1,2,1,,,,,,,,,
0,1,1,1,2,1,2,1,,,,,,,,,
2,0,1,1,4,2,1,1,,,,,,,,,
0,0,1,2,1,2,1,1,,,,,,,,,
0,0,1,1,1,1,2,1,,,,,,,,,
1,1,1,3,2,1,2,1,,,,,,,,,
2,0,2,1,2,1,1,1,,,,,,,,,
3,1,1,1,2,2,2,1,,,,,,,,,
2,0,2,3,4,2,1,2,,,,,,,,,
1,1,1,3,4,1,1,2,,,,,,,,,
0,0,1,3,2,1,1,1,,,,,,,,,
12,1,1,1,2,1,2,2,,,,,,,,,
7,1,1,1,6,1,2,2,,,,,,,,,
6,0,1,1,2,1,1,2,,,,,,,,,
1,0,1,3,1,2,2,2,,,,,,,,,
2,0,1,1,6,1,1,1,,,,,,,,,
4,1,2,1,6,1,2,1,,,,,,,,,
0,0,1,3,6,2,1,2,,,,,,,,,
2,1,2,1,1,1,2,1,,,,,,,,,
0,1,1,1,2,2,2,1,,,,,,,,,
0,1,2,3,1,1,1,2,,,,,,,,,
1,0,1,1,2,2,2,1,,,,,,,,,
6,0,1,1,2,1,2,2,,,,,,,,,
2,1,1,3,2,1,2,1,,,,,,,,,
1,1,1,3,2,1,2,1,,,,,,,,,
0,1,2,3,4,2,2,2,,,,,,,,,
0,0,1,3,2,2,2,1,,,,,,,,,
1,0,2,2,2,1,1,1,,,,,,,,,
5,1,2,1,2,2,2,2,,,,,,,,,
0,1,1,3,1,1,2,2,,,,,,,,,
4,0,1,1,1,1,1,1,,,,,,,,,
0,0,2,2,1,1,1,1,,,,,,,,,
1,0,1,1,2,1,2,1,,,,,,,,,
6,0,2,1,2,1,1,2,,,,,,,,,
0,0,1,1,1,2,1,1,,,,,,,,,
0,0,2,1,2,2,1,1,,,,,,,,,
0,0,2,3,2,1,1,1,,,,,,,,,
2,0,1,1,2,1,1,1,,,,,,,,,
0,0,1,3,1,2,1,2,,,,,,,,,
1,1,1,1,2,1,1,1,,,,,,,,,
5,1,1,1,2,1,2,2,,,,,,,,,
9,1,1,2,1,1,1,2,,,,,,,,,
0,0,1,1,2,1,1,1,,,,,,,,,
19,1,1,2,2,1,2,2,,,,,,,,,
3,1,1,1,4,1,2,1,,,,,,,,,
0,0,2,3,6,2,2,2,,,,,,,,,
0,1,1,3,2,2,1,1,,,,,,,,,
1,0,1,1,1,1,1,1,,,,,,,,,
8,0,1,2,1,2,1,2,,,,,,,,,
1,0,1,1,2,1,1,1,,,,,,,,,
2,1,2,3,1,1,2,2,,,,,,,,,
5,1,1,3,2,1,2,1,,,,,,,,,
2,0,1,1,1,2,1,1,,,,,,,,,
2,0,2,2,1,2,1,1,,,,,,,,,
7,1,1,2,1,1,2,2,,,,,,,,,
0,0,1,2,1,2,1,1,,,,,,,,,
0,0,1,1,4,1,1,1,,,,,,,,,
7,1,1,1,1,1,2,2,,,,,,,,,
1,0,1,1,2,1,1,1,,,,,,,,,
0,1,1,2,2,1,2,1,,,,,,,,,
0,0,1,1,1,2,1,1,,,,,,,,,
0,0,1,1,2,2,1,1,,,,,,,,,
2,1,2,2,1,2,1,1,,,,,,,,,
1,0,1,3,2,2,1,1,,,,,,,,,
3,1,1,3,2,1,1,1,,,,,,,,,
0,1,1,1,2,2,1,1,,,,,,,,,
2,1,1,1,1,1,1,1,,,,,,,,,
4,0,1,1,2,2,2,1,,,,,,,,,
0,1,1,1,1,1,2,1,,,,,,,,,
0,1,1,2,4,2,1,1,,,,,,,,,
3,0,1,1,2,1,1,1,,,,,,,,,
0,1,1,3,2,1,2,1,,,,,,,,,
10,1,2,2,1,1,2,2,,,,,,,,,
1,0,2,1,2,1,2,1,,,,,,,,,
6,1,1,1,4,1,2,2,,,,,,,,,
5,1,1,1,2,2,2,2,,,,,,,,,
1,0,2,1,1,2,1,1,,,,,,,,,
3,1,1,1,2,2,1,1,,,,,,,,,
1,0,1,2,1,1,1,1,,,,,,,,,
2,0,2,1,2,2,2,1,,,,,,,,,
4,0,2,2,1,1,1,1,,,,,,,,,
0,0,2,3,1,1,1,2,,,,,,,,,
1,0,1,1,2,1,1,1,,,,,,,,,
2,1,2,1,1,1,2,1,,,,,,,,,
1,1,1,3,2,1,2,1,,,,,,,,,
3,1,1,1,2,1,2,1,,,,,,,,,
2,1,1,1,2,2,1,1,,,,,,,,,
0,0,1,1,1,2,1,1,,,,,,,,,
4,1,1,1,1,1,1,1,,,,,,,,,
8,0,1,1,2,1,1,2,,,,,,,,,
0,0,1,3,1,1,1,2,,,,,,,,,
0,0,2,2,2,1,1,1,,,,,,,,,
7,1,1,1,2,1,2,2,,,,,,,,,
0,1,1,1,2,2,1,1,,,,,,,,,
0,0,2,1,1,1,1,1,,,,,,,,,
0,0,1,3,2,1,1,1,,,,,,,,,
0,0,1,3,2,2,1,1,,,,,,,,,
0,0,2,1,1,2,1,1,,,,,,,,,
11,0,1,1,1,1,1,2,,,,,,,,,
13,1,1,1,2,2,2,2,,,,,,,,,
1,0,1,1,2,1,2,1,,,,,,,,,
1,0,2,3,1,2,1,2,,,,,,,,,
0,0,1,1,3,1,1,1,,,,,,,,,
2,0,1,1,2,2,1,1,,,,,,,,,
0,0,1,3,2,1,1,1,,,,,,,,,
0,0,1,2,1,2,1,1,,,,,,,,,
1,0,1,3,1,1,1,2,,,,,,,,,
12,1,1,1,2,1,2,2,,,,,,,,,
1,0,1,2,1,2,1,1,,,,,,,,,
2,0,1,2,2,1,1,1,,,,,,,,,
1,0,2,3,1,2,2,2,,,,,,,,,
0,0,1,1,1,1,1,1,,,,,,,,,
0,0,2,1,1,2,2,1,,,,,,,,,
7,0,1,1,4,1,2,2,,,,,,,,,
1,0,1,1,2,1,1,1,,,,,,,,,
1,1,1,2,2,1,2,1,,,,,,,,,
3,0,1,1,2,1,2,1,,,,,,,,,
3,1,1,1,2,2,2,1,,,,,,,,,
0,0,1,1,4,2,1,1,,,,,,,,,
1,1,1,1,2,2,2,1,,,,,,,,,
3,0,2,1,1,1,2,1,,,,,,,,,
0,0,2,3,1,2,2,2,,,,,,,,,
0,0,1,1,6,2,1,1,,,,,,,,,
0,1,1,3,2,1,2,1,,,,,,,,,
3,0,1,1,1,1,1,1,,,,,,,,,
1,0,2,2,1,1,1,1,,,,,,,,,
1,1,1,3,1,2,2,2,,,,,,,,,
0,0,1,3,2,2,2,1,,,,,,,,,
10,1,1,1,2,1,2,2,,,,,,,,,
0,1,1,1,1,1,1,1,,,,,,,,,
0,1,2,3,2,1,1,1,,,,,,,,,
0,0,2,3,2,2,2,1,,,,,,,,,
1,1,1,1,4,2,1,1,,,,,,,,,
0,0,1,1,2,2,1,1,,,,,,,,,
1,1,1,1,1,1,1,1,,,,,,,,,
0,0,1,3,2,1,1,1,,,,,,,,,
1,1,1,1,4,1,1,1,,,,,,,,,
6,1,1,1,1,2,1,2,,,,,,,,,
0,1,2,2,2,1,2,1,,,,,,,,,
0,0,1,1,1,1,1,1,,,,,,,,,
0,0,1,1,2,2,2,1,,,,,,,,,
6,1,1,1,2,2,2,2,,,,,,,,,
4,0,1,1,2,1,2,1,,,,,,,,,
1,1,1,1,1,1,2,1,,,,,,,,,
4,1,1,1,2,1,1,1,,,,,,,,,
0,0,1,1,2,2,1,1,,,,,,,,,
9,1,1,1,1,1,2,2,,,,,,,,,
2,1,1,1,2,1,1,1,,,,,,,,,
4,1,1,1,2,2,1,1,,,,,,,,,
0,1,1,1,2,1,1,1,,,,,,,,,
3,0,2,1,2,1,1,1,,,,,,,,,
0,0,1,1,2,1,2,1,,,,,,,,,
2,0,1,2,1,2,1,1,,,,,,,,,
0,0,2,3,2,2,2,1,,,,,,,,,
0,1,2,3,2,2,2,1,,,,,,,,,
0,1,1,1,1,1,2,1,,,,,,,,,
0,0,1,1,1,1,2,1,,,,,,,,,
2,1,1,2,1,1,1,1,,,,,,,,,
5,0,1,1,2,1,2,2,,,,,,,,,
0,0,1,1,4,2,1,1,,,,,,,,,
3,0,1,1,1,1,1,1,,,,,,,,,
5,0,1,1,2,2,2,2,,,,,,,,,
5,0,1,1,1,1,1,2,,,,,,,,,
8,1,1,3,2,1,2,1,,,,,,,,,
1,0,1,1,2,1,1,1,,,,,,,,,
11,1,1,1,2,2,2,2,,,,,,,,,
0,1,1,1,4,1,1,1,,,,,,,,,
2,1,1,3,4,1,2,2,,,,,,,,,
7,1,1,1,2,2,2,2,,,,,,,,,
3,0,1,2,1,1,1,1,,,,,,,,,
1,0,2,3,2,1,2,1,,,,,,,,,
0,0,1,3,2,1,1,1,,,,,,,,,
0,0,1,2,2,2,1,1,,,,,,,,,
15,1,1,2,2,1,2,2,,,,,,,,,
0,0,2,1,1,1,1,1,,,,,,,,,
0,0,1,3,2,1,2,1,,,,,,,,,
0,1,1,2,4,1,1,1,,,,,,,,,
1,1,2,1,2,2,1,1,,,,,,,,,
1,0,2,1,2,2,1,1,,,,,,,,,
1,1,1,3,2,1,2,1,,,,,,,,,
3,0,1,1,2,1,1,1,,,,,,,,,
1,0,2,1,2,2,2,1,,,,,,,,,
2,0,1,1,1,1,2,1,,,,,,,,,
8,1,1,1,2,1,1,2,,,,,,,,,
0,0,1,1,1,2,1,1,,,,,,,,,
1,0,2,2,1,1,1,1,,,,,,,,,
9,1,1,1,2,1,1,2,,,,,,,,,
2,1,1,3,2,1,1,1,,,,,,,,,
0,1,1,2,1,2,1,1,,,,,,,,,
16,1,1,1,2,1,2,2,,,,,,,,,
4,1,1,1,2,1,2,1,,,,,,,,,
4,0,2,2,2,1,1,1,,,,,,,,,
2,1,1,1,4,2,2,1,,,,,,,,,
2,1,1,2,1,2,1,1,,,,,,,,,
0,0,1,1,1,2,1,1,,,,,,,,,
0,0,1,1,2,2,1,1,,,,,,,,,
6,1,1,1,2,1,2,2,,,,,,,,,
0,0,1,2,1,1,1,1,,,,,,,,,
2,0,2,1,2,2,2,1,,,,,,,,,
8,0,1,2,2,2,2,2,,,,,,,,,
4,0,2,1,1,1,1,1,,,,,,,,,
2,0,1,1,1,1,1,1,,,,,,,,,
7,1,1,1,2,1,2,2,,,,,,,,,
3,0,1,1,2,2,1,1,,,,,,,,,
7,1,1,1,2,1,1,2,,,,,,,,,
1,1,1,1,1,2,1,1,,,,,,,,,
2,1,1,1,1,1,1,1,,,,,,,,,
8,1,1,1,4,1,2,2,,,,,,,,,
0,0,1,1,4,2,1,1,,,,,,,,,
2,0,1,1,6,2,1,1,,,,,,,,,
0,0,2,1,6,2,1,1,,,,,,,,,
0,0,2,1,1,2,1,1,,,,,,,,,
1,0,1,1,2,2,1,1,,,,,,,,,
0,0,2,1,2,2,1,1,,,,,,,,,
2,0,1,2,1,1,1,1,,,,,,,,,
0,0,1,2,2,2,1,1,,,,,,,,,
0,0,1,3,1,1,1,2,,,,,,,,,
7,1,2,1,2,1,2,2,,,,,,,,,
5,0,1,1,1,1,1,2,,,,,,,,,
0,0,2,2,6,2,1,1,,,,,,,,,
0,0,1,1,6,2,1,1,,,,,,,,,
0,1,1,2,1,2,1,1,,,,,,,,,
2,0,2,1,1,1,1,1,,,,,,,,,
4,1,1,1,1,2,2,1,,,,,,,,,
0,0,1,1,6,1,1,1,,,,,,,,,
3,1,2,1,2,2,2,1,,,,,,,,,
0,0,1,1,2,2,2,1,,,,,,,,,
1,0,1,3,1,1,2,2,,,,,,,,,
5,0,1,1,2,2,2,2,,,,,,,,,
5,1,1,2,1,2,1,2,,,,,,,,,
5,1,1,2,2,1,2,2,,,,,,,,,
8,1,1,1,2,2,1,2,,,,,,,,,
2,0,1,1,1,1,1,1,,,,,,,,,
1,0,1,1,2,2,1,1,,,,,,,,,
6,0,1,1,1,1,2,2,,,,,,,,,
0,0,1,1,2,1,2,1,,,,,,,,,
1,1,1,1,1,1,1,1,,,,,,,,,
4,1,1,1,2,1,2,1,,,,,,,,,
0,0,2,3,1,1,2,2,,,,,,,,,
15,0,1,1,2,1,2,2,,,,,,,,,
0,0,1,1,4,2,1,1,,,,,,,,,
3,1,1,1,1,1,2,1,,,,,,,,,
25,1,1,1,2,1,2,2,,,,,,,,,
2,1,1,1,2,1,2,1,,,,,,,,,
0,0,1,2,2,1,1,1,,,,,,,,,
0,0,2,3,1,2,1,2,,,,,,,,,
7,1,2,1,2,1,2,2,,,,,,,,,
0,0,1,3,4,1,2,2,,,,,,,,,
1,1,2,1,2,2,1,1,,,,,,,,,
17,1,1,1,2,1,2,2,,,,,,,,,
5,0,1,2,2,1,1,2,,,,,,,,,
6,0,1,2,1,1,1,2,,,,,,,,,
6,1,1,1,2,2,2,2,,,,,,,,,
1,1,1,3,2,1,2,1,,,,,,,,,
9,0,1,1,2,2,2,2,,,,,,,,,
4,0,1,2,2,2,1,1,,,,,,,,,
6,0,1,1,1,1,1,2,,,,,,,,,
0,0,1,1,2,1,1,1,,,,,,,,,
9,1,1,3,2,2,2,1,,,,,,,,,
11,0,1,1,2,1,2,2,,,,,,,,,
7,0,2,2,2,1,1,2,,,,,,,,,
4,0,1,1,2,2,2,1,,,,,,,,,
1,1,1,1,1,1,1,1,,,,,,,,,
3,1,1,1,1,1,2,1,,,,,,,,,
1,0,1,2,1,1,1,1,,,,,,,,,
2,1,2,1,2,1,1,1,,,,,,,,,
0,0,1,3,4,1,1,2,,,,,,,,,
6,0,1,1,2,1,1,2,,,,,,,,,
2,1,1,3,2,2,1,1,,,,,,,,,
5,1,1,1,1,2,2,2,,,,,,,,,
0,0,1,1,1,1,1,1,,,,,,,,,
0,0,2,1,1,2,1,1,,,,,,,,,
4,1,1,1,2,1,2,1,,,,,,,,,
0,0,1,3,1,1,1,2,,,,,,,,,
0,1,2,2,1,1,2,1,,,,,,,,,
1,0,1,1,1,1,1,1,,,,,,,,,
0,0,1,1,2,2,2,1,,,,,,,,,
0,0,2,1,2,2,2,1,,,,,,,,,
24,1,1,1,2,1,2,2,,,,,,,,,
5,1,1,1,4,1,1,2,,,,,,,,,
0,0,1,1,1,1,1,1,,,,,,,,,
0,0,1,3,2,2,2,1,,,,,,,,,
0,0,1,2,4,2,1,1,,,,,,,,,
5,0,1,2,2,1,1,2,,,,,,,,,
8,1,1,1,2,1,2,2,,,,,,,,,
2,0,2,3,2,1,2,1,,,,,,,,,
0,0,1,2,1,2,1,1,,,,,,,,,
2,1,1,1,2,1,1,1,,,,,,,,,
0,1,2,3,2,1,2,1,,,,,,,,,
5,0,2,1,2,1,2,2,,,,,,,,,
0,1,1,3,2,1,1,1,,,,,,,,,
1,0,2,1,2,1,1,1,,,,,,,,,
0,0,2,3,6,2,1,2,,,,,,,,,
1,0,2,3,1,1,2,2,,,,,,,,,
1,0,1,2,4,1,1,1,,,,,,,,,
2,0,1,1,2,1,1,1,,,,,,,,,
0,0,1,1,2,1,1,1,,,,,,,,,
0,0,1,1,1,2,2,1,,,,,,,,,
0,1,1,1,1,1,2,1,,,,,,,,,
1,1,1,1,1,2,1,1,,,,,,,,,
1,0,1,3,1,1,1,2,,,,,,,,,
0,1,1,1,2,1,2,1,,,,,,,,,
3,0,1,1,1,2,1,1,,,,,,,,,
1,0,1,2,4,2,1,1,,,,,,,,,
3,0,2,2,2,1,1,1,,,,,,,,,
0,0,1,1,4,2,1,1,,,,,,,,,
3,1,1,1,1,1,1,1,,,,,,,,,
20,1,2,1,1,1,2,2,,,,,,,,,
17,1,1,1,2,2,2,2,,,,,,,,,
2,1,1,3,2,1,2,1,,,,,,,,,
1,0,1,1,2,1,2,1,,,,,,,,,
3,0,1,1,1,2,1,1,,,,,,,,,
0,1,1,3,1,1,2,2,,,,,,,,,
3,0,1,1,1,2,1,1,,,,,,,,,
0,1,1,1,1,1,1,1,,,,,,,,,
1,0,1,1,4,2,2,1,,,,,,,,,
4,1,1,3,2,1,2,1,,,,,,,,,
1,1,1,3,2,2,2,1,,,,,,,,,
8,0,1,1,1,1,2,2,,,,,,,,,
1,1,1,3,2,1,1,1,,,,,,,,,
3,0,1,2,1,1,1,1,,,,,,,,,
0,0,1,2,4,1,1,1,,,,,,,,,
1,1,1,1,2,1,1,1,,,,,,,,,
1,1,1,1,1,1,2,1,,,,,,,,,
4,1,2,1,2,1,2,1,,,,,,,,,
0,0,2,3,1,1,2,2,,,,,,,,,
1,0,1,1,1,1,2,1,,,,,,,,,
1,1,2,2,1,1,1,1,,,,,,,,,
0,0,1,1,1,2,1,1,,,,,,,,,
3,1,1,1,2,1,1,1,,,,,,,,,
5,1,1,2,4,1,1,2,,,,,,,,,
12,1,1,1,2,1,2,2,,,,,,,,,
0,0,1,2,2,2,1,1,,,,,,,,,
5,0,1,1,2,2,1,2,,,,,,,,,
11,1,2,1,1,1,2,2,,,,,,,,,
0,0,2,2,1,2,1,1,,,,,,,,,
2,0,1,2,1,1,1,1,,,,,,,,,
2,1,2,1,2,1,1,1,,,,,,,,,
0,0,1,2,2,1,1,1,,,,,,,,,
10,1,1,2,2,1,2,2,,,,,,,,,
4,0,1,2,2,2,1,1,,,,,,,,,
0,0,1,1,1,2,1,1,,,,,,,,,
0,0,1,3,2,2,1,1,,,,,,,,,
2,1,1,1,2,2,1,1,,,,,,,,,
0,0,2,2,1,2,1,1,,,,,,,,,
0,0,1,1,2,1,2,1,,,,,,,,,
2,0,1,3,1,1,1,2,,,,,,,,,
0,0,1,2,1,2,1,1,,,,,,,,,
0,1,1,3,2,1,1,1,,,,,,,,,
0,0,2,2,1,2,1,1,,,,,,,,,
6,1,1,1,2,1,2,2,,,,,,,,,
0,1,1,3,6,1,2,2,,,,,,,,,
2,0,1,1,1,1,1,1,,,,,,,,,
0,0,1,3,1,2,2,2,,,,,,,,,
0,0,1,2,1,1,1,1,,,,,,,,,
4,0,1,1,2,2,2,1,,,,,,,,,
1,1,2,2,4,1,1,1,,,,,,,,,
6,1,1,1,4,1,1,2,,,,,,,,,
2,0,1,1,1,2,2,1,,,,,,,,,
0,0,1,2,1,2,1,1,,,,,,,,,
3,1,1,3,2,1,2,1,,,,,,,,,
1,1,1,3,2,2,2,1,,,,,,,,,
1,0,1,1,4,1,2,1,,,,,,,,,
0,0,1,1,4,1,1,1,,,,,,,,,
1,0,2,2,2,1,1,1,,,,,,,,,
8,1,1,1,6,1,2,2,,,,,,,,,
1,1,1,1,1,1,1,1,,,,,,,,,
1,0,1,1,2,2,2,1,,,,,,,,,
0,0,1,1,4,2,2,1,,,,,,,,,
1,0,1,3,2,2,2,1,,,,,,,,,
7,1,1,1,2,1,2,2,,,,,,,,,
9,0,1,2,2,1,1,2,,,,,,,,,
0,0,1,2,2,2,1,1,,,,,,,,,
0,0,1,2,2,2,1,1,,,,,,,,,
0,1,1,3,2,1,1,1,,,,,,,,,
0,0,1,1,2,1,2,1,,,,,,,,,
1,0,1,1,4,1,1,1,,,,,,,,,
1,1,1,3,1,1,2,2,,,,,,,,,
1,0,2,1,1,1,1,1,,,,,,,,,
0,0,1,1,2,1,1,1,,,,,,,,,
3,0,2,1,2,2,2,1,,,,,,,,,
7,0,2,2,2,2,1,2,,,,,,,,,
7,1,2,2,2,1,2,2,,,,,,,,,
5,1,1,3,2,1,1,1,,,,,,,,,
3,0,1,2,1,1,1,1,,,,,,,,,
0,1,1,3,4,1,2,2,,,,,,,,,
0,0,1,1,2,1,2,1,,,,,,,,,
7,1,1,1,1,1,2,2,,,,,,,,,
1,0,1,3,2,1,2,1,,,,,,,,,
7,1,1,1,2,1,2,2,,,,,,,,,
0,0,1,1,2,1,1,1,,,,,,,,,
2,0,1,1,1,1,1,1,,,,,,,,,
2,0,2,1,1,2,2,1,,,,,,,,,
6,1,1,1,2,1,2,2,,,,,,,,,
5,1,1,1,1,2,2,2,,,,,,,,,
11,1,2,1,2,1,2,2,,,,,,,,,
0,1,1,1,1,2,1,1,,,,,,,,,
23,1,1,1,2,2,2,2,,,,,,,,,
2,0,1,1,4,2,1,1,,,,,,,,,
1,1,1,2,4,1,1,1,,,,,,,,,
7,1,2,2,1,2,1,2,,,,,,,,,
9,1,1,1,2,1,1,2,,,,,,,,,
0,0,1,2,1,1,1,1,,,,,,,,,
0,1,1,3,4,1,1,2,,,,,,,,,
19,1,1,1,2,1,2,2,,,,,,,,,
1,1,1,3,2,1,2,1,,,,,,,,,
3,0,1,1,1,2,1,1,,,,,,,,,
0,0,1,3,1,2,1,2,,,,,,,,,
2,1,1,1,2,1,2,1,,,,,,,,,
14,1,1,1,2,1,2,2,,,,,,,,,
8,1,1,3,2,1,2,1,,,,,,,,,
0,0,1,1,1,2,1,1,,,,,,,,,
0,0,1,2,4,2,1,1,,,,,,,,,
0,0,1,1,4,1,1,1,,,,,,,,,
1,1,1,1,4,1,1,1,,,,,,,,,
2,0,1,3,2,1,1,1,,,,,,,,,
0,0,1,3,2,1,1,1,,,,,,,,,
1,1,1,1,2,2,2,1,,,,,,,,,
3,0,1,2,1,1,1,1,,,,,,,,,
7,1,1,1,1,1,2,2,,,,,,,,,
1,1,1,2,1,1,1,1,,,,,,,,,
0,0,2,1,1,2,1,1,,,,,,,,,
3,0,1,1,1,1,1,1,,,,,,,,,
0,1,1,1,1,2,1,1,,,,,,,,,
2,1,1,3,4,1,2,2,,,,,,,,,
3,0,1,3,1,2,2,2,,,,,,,,,
10,1,1,1,2,1,2,2,,,,,,,,,
3,1,1,1,2,1,1,1,,,,,,,,,
1,1,1,3,2,1,1,1,,,,,,,,,
1,0,2,1,1,1,2,1,,,,,,,,,
8,1,1,1,2,2,1,2,,,,,,,,,
11,1,1,2,2,2,1,2,,,,,,,,,
1,1,1,1,6,1,1,1,,,,,,,,,
4,1,1,1,2,1,2,1,,,,,,,,,
0,1,1,3,6,1,2,2,,,,,,,,,
0,0,1,2,1,1,1,1,,,,,,,,,
1,1,1,3,2,2,1,1,,,,,,,,,
0,0,1,1,6,2,1,1,,,,,,,,,
10,0,1,1,1,1,2,2,,,,,,,,,
0,0,1,2,2,1,1,1,,,,,,,,,
0,1,1,2,6,2,1,1,,,,,,,,,
11,1,2,3,2,2,2,1,,,,,,,,,
31,1,1,2,2,1,2,2,,,,,,,,,
2,0,2,2,1,1,1,1,,,,,,,,,
2,1,2,1,1,2,1,1,,,,,,,,,
0,1,2,1,2,2,1,1,,,,,,,,,
13,0,1,2,2,2,2,2,,,,,,,,,
0,1,1,1,2,1,1,1,,,,,,,,,
6,1,1,3,2,1,2,1,,,,,,,,,
0,0,1,1,1,1,1,1,,,,,,,,,
0,0,2,3,2,1,1,1,,,,,,,,,
0,0,2,2,1,2,1,1,,,,,,,,,
0,0,1,1,2,1,1,1,,,,,,,,,
1,0,1,3,2,1,2,1,,,,,,,,,
4,1,1,1,2,2,1,1,,,,,,,,,
4,1,1,2,2,1,2,1,,,,,,,,,
3,1,1,1,2,2,2,1,,,,,,,,,
3,0,1,2,1,2,1,1,,,,,,,,,
0,0,1,3,2,1,1,1,,,,,,,,,
14,1,1,1,2,1,2,2,,,,,,,,,
0,0,1,1,4,1,1,1,,,,,,,,,
1,0,1,1,6,1,1,1,,,,,,,,,
1,1,1,3,1,1,2,2,,,,,,,,,
0,1,1,3,2,1,2,1,,,,,,,,,
3,1,1,3,1,2,2,2,,,,,,,,,
2,0,1,1,2,1,2,1,,,,,,,,,
3,1,1,1,4,2,1,1,,,,,,,,,
10,0,1,1,2,1,2,2,,,,,,,,,
12,1,2,1,2,1,2,2,,,,,,,,,
0,0,1,2,6,1,1,1,,,,,,,,,
7,1,1,1,4,1,2,2,,,,,,,,,
0,0,1,3,1,2,1,2,,,,,,,,,
6,1,1,1,2,2,1,2,,,,,,,,,
10,1,1,2,2,1,2,2,,,,,,,,,
15,1,1,2,2,1,2,2,,,,,,,,,
15,1,1,2,2,1,2,2,,,,,,,,,
1,0,1,2,1,2,1,1,,,,,,,,,
3,0,1,1,2,1,1,1,,,,,,,,,
5,1,1,1,2,1,1,2,,,,,,,,,
3,0,1,2,1,1,1,1,,,,,,,,,
4,0,1,1,2,1,1,1,,,,,,,,,
3,1,1,1,1,1,2,1,,,,,,,,,
1,1,1,3,2,1,2,1,,,,,,,,,
8,1,1,1,2,2,2,2,,,,,,,,,
4,1,1,1,2,2,1,1,,,,,,,,,
0,1,1,3,1,2,1,2,,,,,,,,,
0,1,1,3,2,1,1,1,,,,,,,,,
28,1,1,2,2,1,2,2,,,,,,,,,
0,0,1,1,1,2,1,1,,,,,,,,,
9,0,1,1,2,1,2,2,,,,,,,,,
1,1,1,3,2,1,2,1,,,,,,,,,
4,1,1,1,2,1,1,1,,,,,,,,,
6,1,2,1,6,1,2,2,,,,,,,,,
0,0,1,1,4,2,1,1,,,,,,,,,
0,0,1,1,1,1,1,1,,,,,,,,,
1,0,1,1,1,1,1,1,,,,,,,,,
0,0,1,1,6,1,1,1,,,,,,,,,
15,1,1,1,1,1,2,2,,,,,,,,,
0,0,1,1,1,1,1,1,,,,,,,,,
2,1,2,1,1,1,2,1,,,,,,,,,
0,0,1,2,4,2,1,1,,,,,,,,,
5,1,1,3,2,1,2,1,,,,,,,,,
20,0,1,1,2,1,2,2,,,,,,,,,
0,0,1,2,1,2,1,1,,,,,,,,,
6,1,1,2,1,1,1,2,,,,,,,,,
0,1,1,3,2,2,2,1,,,,,,,,,
2,0,1,1,1,1,2,1,,,,,,,,,
0,0,1,1,4,2,1,1,,,,,,,,,
0,0,1,1,1,2,1,1,,,,,,,,,
2,1,1,1,2,1,1,1,,,,,,,,,
0,0,1,1,2,1,1,1,,,,,,,,,
2,0,2,1,2,1,1,1,,,,,,,,,
2,0,1,3,1,1,2,2,,,,,,,,,
0,1,1,1,6,1,1,1,,,,,,,,,
0,0,1,1,2,1,2,1,,,,,,,,,
1,0,1,1,2,2,1,1,,,,,,,,,
2,0,2,1,1,2,1,1,,,,,,,,,
0,1,1,2,1,2,1,1,,,,,,,,,
0,0,2,3,2,1,2,1,,,,,,,,,
6,1,1,1,6,1,2,2,,,,,,,,,
5,0,1,1,2,1,2,2,,,,,,,,,
0,0,1,1,2,1,1,1,,,,,,,,,
0,0,1,1,2,1,2,1,,,,,,,,,
0,0,1,2,4,2,1,1,,,,,,,,,
0,0,1,2,1,1,1,1,,,,,,,,,
0,1,1,3,1,1,1,2,,,,,,,,,
7,1,1,2,2,1,1,2,,,,,,,,,
0,0,2,1,1,2,1,1,,,,,,,,,
5,1,1,1,2,1,1,2,,,,,,,,,
0,1,1,3,2,1,1,1,,,,,,,,,
0,0,2,1,2,1,2,1,,,,,,,,,
1,0,1,2,1,2,2,1,,,,,,,,,
6,0,1,2,1,1,1,2,,,,,,,,,
20,1,1,2,2,1,2,2,,,,,,,,,
11,0,1,1,1,1,2,2,,,,,,,,,
0,0,2,1,2,2,1,1,,,,,,,,,
0,0,1,2,1,2,1,1,,,,,,,,,
2,1,1,3,2,1,2,1,,,,,,,,,
13,1,1,3,2,1,2,1,,,,,,,,,
9,1,1,2,2,1,2,2,,,,,,,,,
5,1,2,3,1,1,2,2,,,,,,,,,
1,0,1,2,2,1,1,1,,,,,,,,,
0,0,1,1,1,1,1,1,,,,,,,,,
0,0,1,2,4,1,1,1,,,,,,,,,
1,0,1,2,4,1,1,1,,,,,,,,,
0,1,1,1,2,1,1,1,,,,,,,,,
1,0,1,1,4,2,1,1,,,,,,,,,
1,1,1,3,2,1,2,1,,,,,,,,,
12,1,1,1,2,1,2,2,,,,,,,,,
0,0,2,3,1,2,2,2,,,,,,,,,
11,0,1,2,1,2,2,2,,,,,,,,,
0,1,1,3,2,1,1,1,,,,,,,,,
4,1,2,3,1,2,2,2,,,,,,,,,
0,1,1,3,2,1,2,1,,,,,,,,,
6,0,1,1,2,1,1,2,,,,,,,,,
4,1,2,1,1,1,1,1,,,,,,,,,
4,0,1,1,1,2,2,1,,,,,,,,,
1,1,1,1,6,1,1,1,,,,,,,,,
0,1,1,1,1,2,1,1,,,,,,,,,
0,0,1,1,2,1,1,1,,,,,,,,,
1,1,2,3,2,2,1,1,,,,,,,,,
1,0,1,1,2,1,1,1,,,,,,,,,
0,0,2,1,1,2,1,1,,,,,,,,,
0,0,1,1,2,2,1,1,,,,,,,,,
24,1,1,2,2,1,2,2,,,,,,,,,
0,0,2,1,2,1,1,1,,,,,,,,,
0,0,1,2,4,1,1,1,,,,,,,,,
6,0,1,3,4,2,2,2,,,,,,,,,
0,1,1,3,2,2,2,1,,,,,,,,,
3,1,1,1,2,2,1,1,,,,,,,,,
0,1,1,1,2,1,2,1,,,,,,,,,
14,0,1,2,2,2,1,2,,,,,,,,,
0,1,1,1,1,1,1,1,,,,,,,,,
0,0,1,1,1,1,1,1,,,,,,,,,
4,1,1,1,2,1,1,1,,,,,,,,,
2,0,1,1,2,1,2,1,,,,,,,,,
6,1,1,1,1,1,2,2,,,,,,,,,
6,1,1,1,2,2,2,2,,,,,,,,,
2,0,2,2,1,1,1,1,,,,,,,,,
0,0,1,1,1,2,1,1,,,,,,,,,
1,0,1,3,2,1,1,1,,,,,,,,,
0,1,1,3,1,1,2,2,,,,,,,,,
0,1,2,3,2,1,2,1,,,,,,,,,
2,1,2,1,4,1,1,1,,,,,,,,,
8,1,2,1,4,2,2,2,,,,,,,,,
0,0,2,1,1,2,2,1,,,,,,,,,
9,1,1,2,2,1,2,2,,,,,,,,,
0,0,2,1,2,1,2,1,,,,,,,,,
2,1,1,3,1,1,2,2,,,,,,,,,
11,1,1,1,2,2,2,2,,,,,,,,,
0,0,1,1,2,1,1,1,,,,,,,,,
4,0,1,2,1,1,2,1,,,,,,,,,
4,1,1,1,2,1,1,1,,,,,,,,,
1,1,1,1,2,1,1,1,,,,,,,,,
0,0,2,3,2,2,1,1,,,,,,,,,
4,1,1,2,6,1,1,1,,,,,,,,,
4,1,2,1,2,1,2,1,,,,,,,,,
2,0,2,1,1,1,1,1,,,,,,,,,
3,1,2,1,1,1,1,1,,,,,,,,,
14,1,1,1,2,1,2,2,,,,,,,,,
3,1,1,1,2,1,2,1,,,,,,,,,
0,1,1,1,1,2,2,1,,,,,,,,,
2,1,1,3,2,1,2,1,,,,,,,,,
5,0,1,1,2,2,2,2,,,,,,,,,
27,0,1,2,2,2,2,2,,,,,,,,,
1,0,1,1,2,1,1,1,,,,,,,,,
0,0,1,3,2,2,1,1,,,,,,,,,
0,0,1,3,2,1,2,1,,,,,,,,,
5,1,1,1,2,1,2,2,,,,,,,,,
0,0,1,3,6,1,2,2,,,,,,,,,
0,0,2,1,2,1,1,1,,,,,,,,,
7,0,2,2,2,2,2,2,,,,,,,,,
6,0,1,2,2,2,1,2,,,,,,,,,
0,1,1,1,1,2,1,1,,,,,,,,,
13,1,1,2,2,1,1,2,,,,,,,,,
3,0,1,2,2,1,1,1,,,,,,,,,
2,1,1,1,1,2,1,1,,,,,,,,,
0,1,1,3,2,2,1,1,,,,,,,,,
8,1,1,1,2,1,2,2,,,,,,,,,
0,0,1,1,1,2,2,1,,,,,,,,,
0,0,2,1,1,1,1,1,,,,,,,,,
5,1,1,1,2,1,2,2,,,,,,,,,
2,0,2,3,2,1,2,1,,,,,,,,,
4,0,2,1,1,2,1,1,,,,,,,,,
0,0,1,2,4,1,1,1,,,,,,,,,
0,0,1,3,1,1,1,2,,,,,,,,,
6,1,1,1,2,2,2,2,,,,,,,,,
0,1,1,3,1,1,1,2,,,,,,,,,
0,0,1,3,6,1,2,2,,,,,,,,,
4,1,1,3,1,1,1,2,,,,,,,,,
1,0,1,2,2,1,1,1,,,,,,,,,
1,0,2,3,2,1,2,1,,,,,,,,,
1,1,1,3,2,1,2,1,,,,,,,,,
0,0,2,3,2,2,1,1,,,,,,,,,
1,0,1,2,2,2,1,1,,,,,,,,,
5,1,1,1,1,1,1,2,,,,,,,,,
0,0,1,1,2,2,1,1,,,,,,,,,
0,1,2,1,2,2,1,1,,,,,,,,,
1,0,1,1,1,1,1,1,,,,,,,,,
0,1,1,1,2,2,1,1,,,,,,,,,
1,1,2,2,1,2,1,1,,,,,,,,,
0,0,1,1,6,1,1,1,,,,,,,,,
2,0,1,1,2,2,2,1,,,,,,,,,
1,0,2,1,1,1,1,1,,,,,,,,,
1,1,1,1,2,1,1,1,,,,,,,,,
16,1,1,1,4,1,2,2,,,,,,,,,
2,0,1,2,2,1,1,1,,,,,,,,,
2,0,1,1,2,1,2,1,,,,,,,,,
0,0,1,3,4,2,2,2,,,,,,,,,
0,1,1,3,2,2,2,1,,,,,,,,,
1,1,2,1,2,1,2,1,,,,,,,,,
24,1,1,1,6,1,2,2,,,,,,,,,
26,1,1,1,4,1,2,2,,,,,,,,,
4,0,1,2,2,2,2,1,,,,,,,,,
0,0,2,3,2,1,2,1,,,,,,,,,
1,0,1,3,2,1,1,1,,,,,,,,,
1,1,2,3,2,1,1,1,,,,,,,,,
6,1,1,1,2,1,2,2,,,,,,,,,
0,0,1,3,6,1,1,2,,,,,,,,,
0,1,1,3,2,1,2,1,,,,,,,,,
9,1,2,1,2,2,2,2,,,,,,,,,
5,1,2,1,1,2,1,2,,,,,,,,,
0,0,1,3,2,1,1,1,,,,,,,,,
1,1,1,3,2,2,2,1,,,,,,,,,
15,1,2,1,2,1,2,2,,,,,,,,,
6,1,2,1,2,1,2,2,,,,,,,,,
0,0,1,2,2,1,1,1,,,,,,,,,
6,1,1,1,2,1,2,2,,,,,,,,,
2,1,1,3,2,1,1,1,,,,,,,,,
2,0,1,1,2,2,2,1,,,,,,,,,
16,1,1,1,2,1,2,2,,,,,,,,,
2,1,1,2,1,2,1,1,,,,,,,,,
2,1,1,2,1,2,1,1,,,,,,,,,
1,0,2,1,4,2,1,1,,,,,,,,,
9,0,1,2,2,1,1,2,,,,,,,,,
2,0,1,2,1,1,1,1,,,,,,,,,
0,0,1,3,2,1,2,1,,,,,,,,,
0,0,1,2,1,1,1,1,,,,,,,,,
4,0,1,1,2,1,1,1,,,,,,,,,
2,1,1,3,2,1,2,1,,,,,,,,,
2,1,1,3,2,1,2,1,,,,,,,,,