"LIMIT_BAL","SEX","EDUCATION","MARRIAGE","PAY_1","PAY_2","PAY_3","PAY_4","PAY_5","PAY_6","target","age_group"
"2","2","4","2","1","1","1","1","1","1","2","3"
"3","1","3","2","2","2","2","2","2","2","2","2"
"3","2","2","2","2","5","2","2","3","2","1","2"
"2","1","2","2","3","3","3","3","3","3","1","2"
"1","2","3","3","3","3","3","3","3","3","2","1"
"1","1","2","3","3","3","3","3","3","3","2","1"
"4","2","3","2","3","3","3","5","4","4","1","2"
"3","2","3","3","3","3","3","3","3","3","1","1"
"4","1","3","2","1","1","1","1","1","1","1","2"
"1","2","2","3","2","3","2","2","2","2","1","1"
"3","2","2","2","2","2","2","2","2","2","1","3"
"3","1","3","3","4","2","5","3","3","1","1","1"
"3","2","3","3","3","3","3","3","3","3","1","1"
"3","2","3","2","3","3","3","1","1","1","2","1"
"4","2","2","2","3","3","3","3","3","3","1","2"
"2","1","4","2","3","3","2","2","2","2","1","2"
"1","2","3","3","3","3","3","2","2","2","1","2"
"2","2","3","3","2","3","3","3","3","3","1","1"
"1","2","3","3","3","3","3","3","3","3","1","1"
"3","2","2","3","2","2","2","2","2","2","1","2"
"4","2","2","3","2","2","2","2","2","3","1","2"
"1","2","4","2","4","5","3","3","3","3","1","2"
"4","2","3","3","1","2","3","3","1","1","1","2"
"2","2","2","3","3","3","1","1","1","1","1","1"
"3","1","3","3","3","3","3","3","3","3","1","1"
"4","1","2","3","3","3","3","3","3","3","1","2"
"4","2","2","2","2","2","2","2","2","2","1","3"
"4","2","2","3","1","1","1","1","1","1","1","2"
"1","1","3","3","3","3","3","3","3","3","1","1"
"3","2","2","4","1","1","1","1","1","1","1","1"
"3","2","3","2","2","2","1","2","2","2","1","3"
"1","2","2","3","3","3","3","1","1","1","1","1"
"1","2","3","3","5","5","5","5","3","3","2","2"
"2","2","3","3","3","3","3","3","3","3","1","1"
"1","1","3","3","3","3","3","3","3","3","2","1"
"1","2","1","2","3","3","3","3","3","3","1","2"
"3","2","3","2","3","3","3","3","3","3","1","2"
"2","1","3","3","3","3","3","3","3","3","1","2"
"4","2","2","3","1","1","1","1","1","1","1","2"
"4","2","3","3","2","3","3","3","3","3","1","2"
"2","2","3","3","2","2","2","2","2","1","1","2"
"3","2","2","3","4","1","1","2","2","2","1","2"
"2","2","2","3","3","3","3","3","3","3","1","1"
"4","1","2","2","3","3","3","5","2","4","1","2"
"2","1","2","2","3","3","3","3","3","3","2","2"
"3","1","2","3","1","1","1","1","1","1","2","2"
"3","2","2","2","4","1","1","2","2","1","1","2"
"4","2","3","2","2","2","2","2","2","2","1","2"
"1","1","2","2","3","3","3","3","3","3","1","2"
"3","2","3","3","3","3","3","3","3","3","1","2"
"1","1","3","3","3","3","5","3","3","3","2","1"
"3","1","2","3","2","2","2","1","1","1","1","2"
"1","1","3","2","3","3","3","3","3","1","1","2"
"4","2","2","2","4","1","1","1","2","2","1","2"
"4","2","2","2","3","3","3","3","3","3","1","2"
"3","2","3","3","4","2","2","2","2","1","1","2"
"2","2","4","3","3","2","3","3","3","2","2","1"
"4","2","3","2","1","2","3","3","3","3","1","2"
"2","2","3","2","3","3","3","3","3","3","2","3"
"1","1","2","2","3","3","3","3","3","3","1","3"
"2","1","3","3","5","5","5","3","3","3","2","1"
"1","2","3","3","5","3","3","3","3","3","2","1"
"2","1","2","3","1","1","1","1","1","1","1","1"
"2","1","2","3","2","5","5","2","2","2","1","1"
"2","2","4","3","3","3","2","2","1","1","1","1"
"1","1","3","2","6","5","5","5","4","4","1","2"
"2","2","3","2","3","3","3","3","3","3","2","2"
"4","2","3","2","2","2","2","3","2","2","1","3"
"4","1","3","3","1","1","1","1","1","1","1","2"
"4","1","3","2","4","1","1","1","1","1","1","2"
"2","1","4","3","3","2","2","2","2","2","1","2"
"4","2","3","3","2","3","3","3","3","3","1","2"
"2","2","3","2","3","3","3","3","3","3","1","3"
"3","2","4","2","3","3","3","3","3","3","2","2"
"4","2","3","3","3","3","2","2","2","2","1","2"
"1","2","3","2","5","3","3","3","3","4","2","1"
"1","2","3","3","3","3","3","3","3","3","1","1"
"4","2","2","2","3","2","2","2","2","2","1","2"
"3","1","3","2","3","3","3","3","3","3","1","2"
"4","2","3","3","3","3","3","3","3","3","1","1"
"3","1","2","2","4","1","1","1","1","1","1","3"
"1","1","4","2","6","5","5","5","4","4","2","2"
"4","1","4","2","3","3","3","3","3","3","1","2"
"1","1","2","3","3","3","3","3","3","3","1","1"
"4","2","2","2","2","2","1","1","1","2","1","2"
"4","2","4","3","5","5","5","5","3","3","1","1"
"1","2","4","2","3","3","3","5","3","3","2","1"
"2","1","3","3","3","3","3","3","3","3","1","1"
"3","2","3","3","3","3","3","3","3","4","1","1"
"1","1","4","3","3","3","3","3","3","3","1","2"
"2","2","3","2","3","3","3","3","3","3","1","2"
"2","2","2","3","5","5","5","5","4","4","2","1"
"3","1","2","3","2","2","2","2","2","2","1","2"
"3","2","2","2","2","2","2","3","2","2","1","2"
"2","2","3","3","5","5","5","5","4","4","1","2"
"3","1","2","2","1","1","1","1","1","1","1","2"
"4","1","2","3","3","3","2","3","2","2","1","2"
"4","2","2","2","2","2","2","2","2","2","1","3"
"3","2","2","3","1","1","1","1","1","1","1","2"
"2","2","6","2","3","3","3","3","3","3","1","1"
"1","2","4","3","3","3","3","3","3","3","1","2"
"2","1","3","2","3","3","2","5","4","4","1","1"
"2","1","4","2","5","2","2","5","2","2","1","2"
"1","1","4","2","2","3","2","2","4","3","2","3"
"3","2","3","2","3","3","3","3","3","3","1","2"
"4","2","2","2","2","2","2","2","1","1","1","2"
"1","2","2","2","2","2","2","2","2","2","1","2"
"2","2","3","2","5","3","3","3","3","3","1","1"
"4","1","3","2","3","3","3","3","2","3","1","2"
"1","2","3","3","2","2","5","3","3","3","1","1"
"1","2","3","3","5","5","5","5","4","4","1","1"
"4","1","4","2","1","1","1","1","1","1","1","3"
"3","2","2","3","2","2","2","2","2","2","1","1"
"3","2","2","2","3","3","3","3","3","2","1","2"
"3","1","3","2","4","5","2","2","3","3","1","1"
"1","2","4","2","3","3","3","3","3","4","2","2"
"4","1","2","3","3","3","3","5","3","3","1","2"
"2","2","3","3","4","1","1","2","2","2","2","1"
"1","1","3","3","3","3","3","3","3","3","1","2"
"2","2","2","3","4","1","1","1","1","1","1","2"
"4","1","2","2","3","3","3","3","3","3","1","2"
"3","2","2","3","3","3","3","3","3","3","1","1"
"3","2","2","3","2","2","2","2","2","2","1","1"
"4","1","2","3","2","2","2","2","3","2","1","1"
"4","2","3","2","3","3","3","3","3","3","1","3"
"1","1","4","3","2","2","2","2","3","3","1","1"
"4","1","2","3","3","3","3","3","3","3","1","2"
"4","2","3","2","3","3","3","3","2","4","1","2"
"4","2","3","2","1","1","1","1","1","1","2","2"
"4","2","3","2","3","3","3","3","3","3","2","2"
"1","1","3","3","3","3","3","3","3","3","1","1"
"2","2","4","2","3","3","2","3","3","3","1","2"
"3","2","2","3","3","3","3","3","3","3","1","1"
"1","2","2","3","3","3","3","3","3","1","2","1"
"3","2","2","2","1","1","1","1","1","1","1","1"
"4","1","2","2","5","5","5","5","4","4","2","3"
"1","1","3","3","3","3","5","5","4","4","1","1"
"3","2","2","2","3","3","3","3","3","3","1","2"
"1","1","3","3","3","3","6","5","4","2","1","1"
"2","2","3","2","5","2","2","2","3","3","1","1"
"3","2","3","2","1","1","1","1","1","1","1","2"
"1","1","3","3","2","5","2","3","3","2","1","1"
"2","1","3","3","3","3","3","3","3","3","1","2"
"2","1","3","2","3","3","3","3","3","3","1","2"
"4","1","2","3","3","3","3","3","3","3","1","2"
"3","2","3","2","2","2","2","3","2","2","2","2"
"4","2","2","3","3","3","3","3","3","3","1","1"
"4","1","2","3","1","1","1","1","1","1","2","1"
"3","2","2","3","2","5","5","5","4","4","1","2"
"1","1","4","3","5","3","3","3","3","1","2","1"
"3","2","3","2","1","1","1","1","1","1","1","1"
"4","1","2","3","2","2","2","2","2","2","1","1"
"1","2","2","3","4","1","1","1","1","1","2","1"
"2","2","2","3","3","3","3","3","3","3","2","1"
"2","1","2","3","3","3","3","3","3","3","1","1"
"4","2","2","3","2","2","2","2","2","2","1","1"
"4","2","2","3","1","2","2","2","2","2","1","2"
"3","1","3","2","2","2","2","2","2","2","1","2"
"1","1","4","3","3","3","3","3","3","3","2","3"
"1","2","2","3","3","3","3","3","3","3","1","1"
"2","2","2","3","2","2","1","1","1","1","1","1"
"4","2","4","2","3","3","3","3","3","3","1","2"
"4","1","2","2","1","1","1","1","1","1","1","3"
"3","1","2","3","2","2","2","2","1","1","1","2"
"3","2","3","2","2","2","2","3","3","3","2","2"
"2","2","3","3","1","1","2","2","3","3","1","2"
"2","1","3","2","4","5","5","5","3","3","1","2"
"4","2","2","2","1","1","1","1","1","2","1","2"
"1","1","3","3","5","3","3","3","3","4","2","1"
"1","1","4","2","3","3","5","3","3","3","2","2"
"1","1","3","2","6","5","6","5","4","4","2","2"
"2","2","4","2","2","3","3","3","3","3","2","2"
"1","1","3","2","2","2","2","2","2","2","1","1"
"4","1","2","2","1","1","1","1","1","2","2","2"
"3","2","3","3","3","3","3","2","2","2","1","2"
"1","1","3","3","3","3","3","3","3","3","1","1"
"3","1","2","3","4","5","2","2","3","3","1","2"
"1","2","2","2","3","3","3","3","3","3","1","1"
"4","2","2","3","4","2","3","2","2","2","2","1"
"4","2","2","3","2","2","2","2","3","3","1","2"
"3","2","3","3","2","2","2","2","2","2","1","1"
"1","2","4","2","3","3","3","3","3","3","1","3"
"4","2","3","2","3","3","5","5","4","4","1","1"
"1","1","3","3","3","3","3","3","3","3","1","1"
"3","2","3","2","2","2","2","2","2","2","1","2"
"2","1","2","2","2","2","2","2","2","2","2","2"
"1","2","2","3","3","3","3","3","3","3","1","1"
"1","2","4","2","4","5","3","3","3","3","1","3"
"2","1","3","3","4","5","3","3","3","3","2","1"
"2","2","3","3","3","3","5","5","4","4","1","2"
"4","2","2","3","3","3","3","3","3","3","2","1"
"2","1","3","3","2","3","3","3","3","3","1","1"
"4","2","2","3","1","1","2","2","3","3","1","1"
"2","2","2","3","3","3","3","3","3","3","1","1"
"2","1","2","3","3","3","2","2","4","3","1","1"
"3","2","3","3","4","5","3","3","3","3","1","1"
"1","2","3","2","3","3","3","3","3","3","1","2"
"1","1","3","2","4","6","5","8","6","5","1","2"
"3","1","2","3","2","2","1","2","3","3","1","1"
"1","2","2","2","3","3","3","3","3","4","1","1"
"2","2","4","2","3","3","3","3","3","3","1","2"
"4","2","3","3","2","3","2","2","2","2","1","3"
"4","2","3","3","3","3","3","3","3","3","1","2"
"1","2","3","2","3","3","5","5","4","4","2","1"
"1","2","3","3","4","5","5","5","4","4","1","2"
"1","2","3","3","3","3","3","3","3","3","1","1"
"1","1","2","3","5","5","3","3","3","3","1","1"
"1","2","2","3","3","3","3","3","3","3","1","1"
"1","2","4","2","3","3","3","3","3","3","1","2"
"3","2","3","3","3","3","3","3","3","3","1","1"
"2","2","4","2","3","3","3","3","3","3","2","1"
"3","2","3","2","2","2","2","2","2","4","1","3"
"2","2","2","3","2","2","2","2","3","2","1","1"
"4","1","2","3","4","5","5","1","1","1","2","2"
"3","1","3","2","3","3","3","3","3","3","1","2"
"2","2","4","3","4","5","5","5","3","3","2","1"
"4","1","2","2","3","3","3","3","3","3","1","2"
"1","1","2","3","3","2","2","2","3","3","2","1"
"1","1","6","3","3","3","3","3","3","3","1","1"
"1","1","3","3","5","5","7","7","6","6","1","4"
"3","2","2","2","2","2","2","5","2","2","1","3"
"4","1","2","2","2","2","2","2","2","2","1","2"
"4","2","2","3","3","3","3","3","3","3","1","1"
"2","1","4","3","3","3","3","3","3","3","1","1"
"4","2","2","3","3","3","3","3","3","3","1","2"
"3","2","3","3","3","3","3","3","3","3","1","2"
"3","1","2","3","2","2","2","2","2","3","1","1"
"4","1","3","2","1","1","1","2","2","3","1","3"
"3","2","3","2","5","5","3","3","3","3","2","1"
"4","1","4","2","3","3","5","3","3","3","2","2"
"3","2","3","3","3","2","3","3","3","3","1","1"
"2","2","3","2","3","3","3","3","3","3","1","2"
"4","2","3","3","3","3","3","3","3","3","2","2"
"1","1","3","2","3","3","3","3","3","3","1","3"
"4","2","2","2","3","3","3","3","3","3","1","1"
"3","2","3","2","3","3","3","3","3","4","2","2"
"3","1","3","3","3","3","5","3","3","3","1","2"
"2","2","3","3","3","3","3","3","3","4","1","1"
"4","2","2","3","1","1","1","1","1","1","1","2"
"1","1","2","3","4","5","3","3","4","4","2","1"
"4","2","3","2","3","3","3","3","3","3","1","2"
"2","2","2","2","4","5","3","3","4","3","2","2"
"1","1","2","3","3","3","3","3","3","2","1","1"
"4","2","2","2","1","2","3","3","3","3","1","2"
"3","2","2","2","1","1","1","1","1","1","1","2"
"1","2","3","3","4","5","3","3","3","3","1","1"
"2","1","3","2","3","3","3","1","1","1","1","2"
"1","1","4","4","5","3","3","3","3","3","2","3"
"4","1","3","2","3","3","3","3","3","3","1","2"
"1","2","4","4","3","3","5","5","2","2","1","1"
"4","1","2","3","1","1","1","1","1","1","1","2"
"3","1","2","2","1","1","1","1","1","1","1","2"
"2","2","7","2","2","2","2","2","2","2","1","2"
"4","1","3","2","2","3","3","3","3","3","1","2"
"3","1","2","2","4","1","1","1","1","1","1","2"
"2","2","2","3","3","3","3","3","3","3","1","1"
"3","2","3","3","6","6","7","7","7","7","1","2"
"4","1","2","3","3","3","3","3","3","3","1","1"
"2","2","4","3","4","1","2","2","2","2","1","1"
"1","1","4","2","3","3","2","2","2","2","2","2"
"1","1","3","3","2","2","2","2","3","2","2","2"
"2","2","3","3","3","3","3","3","3","3","1","1"
"1","1","3","3","4","6","5","5","3","3","1","1"
"3","2","4","2","3","3","3","3","3","3","1","2"
"4","1","2","2","3","3","3","3","3","3","1","2"
"4","2","2","2","1","1","1","1","1","1","1","2"
"3","1","2","3","2","2","1","2","2","2","1","1"
"4","1","3","2","1","1","1","1","2","3","1","3"
"4","2","3","3","3","3","3","3","3","3","1","2"
"2","2","3","2","3","3","1","1","1","1","2","2"
"1","1","4","3","5","5","6","6","5","5","2","1"
"3","2","4","2","3","2","3","3","3","3","1","1"
"4","1","2","2","3","3","3","3","2","2","1","2"
"4","2","2","3","3","3","3","3","3","3","1","2"
"1","1","3","2","4","5","5","5","3","3","2","2"
"3","1","3","2","2","2","2","2","2","2","2","3"
"4","1","3","3","3","3","3","5","3","3","1","2"
"3","2","2","3","3","3","3","3","3","3","1","2"
"1","2","3","3","3","3","3","3","3","3","1","2"
"4","2","3","3","1","1","1","1","1","1","1","1"
"3","2","3","3","3","3","3","3","3","3","1","2"
"1","1","3","3","3","3","3","3","3","4","1","1"
"4","2","2","2","4","1","1","2","2","2","1","2"
"2","1","2","2","3","3","5","5","4","3","2","2"
"4","1","3","3","5","5","5","5","3","3","1","1"
"2","1","3","2","2","2","2","1","1","1","2","1"
"4","2","2","2","3","3","3","1","1","1","1","1"
"3","1","4","3","3","3","3","3","3","3","1","1"
"2","2","3","3","3","3","3","3","3","3","1","1"
"4","1","2","3","3","3","3","3","3","3","1","2"
"2","2","3","3","3","3","3","3","3","3","1","1"
"1","2","3","2","3","3","3","3","3","3","1","2"
"3","1","3","2","3","3","3","3","3","1","1","1"
"1","2","4","4","3","3","3","2","2","3","1","3"
"3","2","3","3","3","3","3","3","3","3","1","1"
"3","2","3","2","2","2","2","2","2","2","2","3"
"1","2","2","3","4","6","6","5","3","3","1","1"
"1","2","2","3","3","3","3","3","3","4","1","1"
"2","1","6","3","3","3","3","3","3","3","1","1"
"2","1","3","3","3","3","3","3","3","3","1","1"
"4","2","2","2","3","3","3","3","3","3","1","2"
"1","1","4","4","3","3","2","3","2","2","1","3"
"4","2","2","3","1","1","1","1","1","1","1","2"
"2","2","4","2","3","3","3","3","3","3","1","3"
"4","2","3","2","3","3","3","3","3","3","2","3"
"3","2","3","3","3","3","3","3","3","4","1","2"
"3","2","6","3","3","3","3","3","3","3","1","2"
"1","1","4","2","3","3","3","3","3","3","2","2"
"4","2","2","3","1","1","1","1","1","1","1","2"
"3","1","5","2","4","2","2","1","2","3","1","2"
"3","1","4","2","5","3","3","3","3","3","1","2"
"4","2","2","2","3","3","3","3","3","3","2","2"
"2","2","4","3","3","3","3","3","3","3","1","2"
"1","1","4","3","3","3","3","3","4","4","1","2"
"4","2","2","2","3","3","3","3","3","3","1","2"
"3","2","3","3","3","3","3","3","3","3","1","1"
"3","2","2","3","3","3","3","3","3","3","1","2"
"2","2","3","3","5","6","5","5","3","3","1","1"
"2","2","3","4","3","3","3","3","3","3","1","2"
"1","2","3","2","3","3","3","3","4","3","1","1"
"2","1","3","2","3","3","3","3","3","4","1","2"
"1","1","3","2","3","3","3","3","3","3","1","2"
"3","2","2","3","2","2","5","5","4","4","2","1"
"1","2","2","3","2","3","3","3","3","3","1","1"
"4","1","2","2","2","2","2","2","2","2","1","3"
"3","2","4","2","4","5","3","3","3","3","1","2"
"1","2","3","3","4","1","1","1","1","1","1","2"
"1","2","3","2","2","2","2","3","2","2","1","2"
"3","1","2","3","5","2","2","2","2","2","1","2"
"4","2","3","2","3","3","3","3","3","3","1","3"
"1","2","2","3","3","3","3","3","3","3","1","1"
"4","2","2","2","1","1","1","1","1","1","2","2"
"3","2","2","3","3","3","3","3","3","3","1","1"
"4","1","2","2","2","2","2","2","3","3","1","3"
"3","2","2","3","5","5","5","5","4","4","1","1"
"1","1","3","3","4","5","5","3","3","3","1","2"
"1","1","3","3","3","3","3","3","3","3","2","1"
"2","2","2","2","4","1","1","1","1","2","1","2"
"2","1","4","3","3","3","3","3","3","3","1","2"
"2","2","2","3","4","2","3","3","3","3","1","1"
"1","2","4","3","6","6","5","3","3","3","1","2"
"4","1","2","3","3","3","3","3","3","3","1","2"
"1","1","2","3","3","3","3","3","3","3","1","2"
"2","2","3","2","2","2","2","2","3","3","1","1"
"4","1","2","2","3","3","3","3","3","3","1","2"
"1","2","3","2","3","3","3","3","3","3","1","2"
"2","1","3","3","3","3","1","1","1","1","1","1"
"2","1","4","3","3","3","3","3","2","2","1","2"
"1","1","3","3","3","3","3","3","3","3","1","1"
"4","1","2","2","2","5","2","2","2","1","1","3"
"2","2","3","2","1","1","1","1","1","1","2","1"
"3","2","2","2","5","5","5","5","4","4","1","2"
"4","2","2","3","2","2","2","2","2","2","1","2"
"4","2","3","3","3","3","3","3","3","3","1","1"
"1","2","4","2","3","3","3","3","3","3","1","3"
"4","2","2","3","1","1","1","1","1","1","1","2"
"2","1","2","2","7","8","7","6","4","3","2","3"
"3","1","3","2","3","3","3","5","3","3","2","1"
"2","1","3","3","3","3","3","3","3","3","1","2"
"4","1","2","3","3","3","3","3","3","4","1","2"
"1","2","3","3","3","3","3","3","3","3","2","1"
"4","2","2","2","4","5","2","3","2","2","1","1"
"3","2","2","3","2","2","2","2","2","2","1","2"
"2","2","3","2","2","2","2","2","2","1","2","3"
"1","2","4","2","3","3","5","3","3","3","1","3"
"4","1","2","2","1","1","1","1","1","1","1","3"
"2","2","3","2","3","3","3","3","3","3","1","2"
"3","1","3","2","2","2","2","2","3","2","1","2"
"3","1","3","3","3","3","1","1","2","4","1","1"
"1","1","3","3","3","3","3","3","1","1","1","1"
"1","1","3","3","5","5","3","3","4","3","2","1"
"3","2","4","2","3","3","3","1","1","1","1","1"
"1","1","3","3","4","2","2","5","3","3","1","1"
"1","1","3","2","3","3","3","3","3","3","1","2"
"3","2","3","3","3","3","3","3","4","4","1","2"
"4","1","3","2","2","2","5","3","3","3","1","2"
"2","2","3","2","3","3","3","3","3","3","1","2"
"4","2","3","2","4","1","1","1","2","2","1","2"
"3","2","2","3","2","2","2","2","2","2","2","2"
"1","2","3","3","1","2","2","3","3","1","1","2"
"4","1","2","2","2","3","3","3","3","3","2","2"
"2","2","4","3","2","5","2","2","2","1","1","1"
"2","1","3","2","3","3","3","3","3","3","1","2"
"1","1","4","2","3","3","3","3","3","3","1","2"
"3","2","2","3","2","2","1","2","3","3","1","1"
"1","1","2","3","4","5","5","5","4","4","1","2"
"4","2","3","2","1","1","1","1","1","1","1","2"
"4","2","2","2","2","2","2","2","3","3","2","3"
"1","1","3","2","2","2","2","2","3","2","1","2"
"4","2","2","2","2","2","2","2","2","2","2","2"
"4","1","2","3","1","1","2","2","1","1","1","2"
"4","2","2","3","4","1","1","1","2","2","1","2"
"2","1","3","2","3","3","3","3","3","3","1","2"
"4","1","4","2","3","3","3","3","3","3","1","2"
"4","2","3","3","2","2","2","2","2","2","2","2"
"3","2","3","2","2","2","2","2","2","2","1","2"
"4","1","3","2","3","3","3","3","3","3","2","2"
"2","2","3","2","3","3","3","3","3","3","1","3"
"2","2","3","2","4","5","5","5","4","4","1","2"
"2","2","4","2","3","3","2","2","2","1","1","2"
"2","2","2","2","5","5","3","3","3","3","2","2"
"4","1","2","2","1","1","2","2","2","2","1","2"
"2","2","3","2","2","2","2","2","2","2","2","3"
"3","1","2","2","4","7","6","5","4","4","2","3"
"4","2","4","2","1","1","1","1","1","1","1","2"
"4","2","3","3","3","3","3","3","3","3","1","2"
"3","1","4","2","3","3","3","3","3","3","1","2"
"4","1","2","2","2","2","2","2","2","2","1","2"
"1","2","3","2","2","2","2","2","1","2","1","3"
"4","1","2","2","3","3","3","3","3","3","1","2"
"4","2","2","3","5","5","5","5","4","4","2","1"
"4","2","2","3","3","3","3","3","3","3","1","2"
"2","2","3","2","3","3","3","3","3","3","1","2"
"4","2","2","2","5","2","2","2","1","2","1","2"
"3","2","4","2","3","3","1","2","2","1","1","1"
"4","1","2","2","3","3","3","3","3","3","1","3"
"4","2","3","3","1","1","1","1","1","1","1","3"
"1","2","4","3","3","3","3","3","3","4","1","1"
"3","2","2","3","3","3","3","3","3","3","1","1"
"3","1","4","3","1","1","1","1","1","1","2","2"
"2","1","6","2","3","3","3","3","3","3","1","2"
"1","1","3","3","3","3","3","3","4","4","1","1"
"1","1","3","3","3","3","3","3","3","3","2","2"
"2","2","2","3","4","5","3","3","3","4","1","1"
"1","1","3","3","2","2","2","2","2","2","1","2"
"1","2","3","3","3","3","5","5","4","3","1","1"
"3","1","2","3","4","1","1","1","2","2","1","1"
"3","2","3","3","2","2","3","3","3","3","1","2"
"4","1","3","2","3","3","3","3","3","4","1","2"
"4","1","2","3","4","2","5","5","1","2","1","1"
"3","1","3","3","3","3","3","3","3","3","1","2"
"1","2","3","2","1","1","1","1","1","1","1","2"
"3","2","2","3","3","3","3","3","3","3","1","1"
"3","2","4","2","1","1","1","1","1","1","1","3"
"3","2","3","3","2","2","2","2","2","2","1","1"
"2","2","3","2","3","3","3","3","3","3","1","2"
"3","2","2","2","3","3","3","3","3","3","1","2"
"1","1","3","2","3","3","3","3","3","3","1","2"
"4","2","2","2","1","1","1","1","1","1","1","1"
"1","1","2","3","3","2","2","2","2","3","1","3"
"4","2","2","2","1","1","1","1","1","1","1","2"
"4","1","2","2","1","1","1","1","1","1","2","3"
"2","1","3","3","3","3","3","3","4","3","1","1"
"4","2","2","3","3","3","3","3","3","3","1","2"
"1","1","3","3","5","3","3","3","3","3","2","1"
"3","2","3","3","3","3","3","3","3","3","1","2"
"1","1","4","3","5","3","3","3","3","2","1","2"
"3","2","3","3","5","3","3","3","3","3","2","1"
"3","2","4","3","2","5","2","2","3","2","2","1"
"2","1","2","3","3","3","3","1","1","1","1","1"
"1","2","4","2","3","3","3","3","3","3","1","1"
"2","1","2","3","3","3","3","3","3","3","1","3"
"4","2","3","2","3","3","3","3","3","3","1","2"
"3","2","2","2","4","1","1","1","1","1","1","2"
"2","2","2","3","2","2","2","2","2","2","1","1"
"1","2","3","3","5","3","3","5","5","4","2","1"
"1","2","3","2","4","5","3","3","3","3","1","2"
"1","1","3","3","4","5","3","3","3","4","1","3"
"3","1","3","2","2","2","2","2","2","2","1","1"
"2","2","3","3","3","3","3","3","3","3","1","2"
"3","1","2","3","3","3","3","3","3","3","1","2"
"2","1","3","3","4","5","3","3","4","4","2","1"
"2","2","2","3","3","3","3","2","3","3","1","1"
"1","2","3","3","3","3","3","3","4","4","1","2"
"1","2","2","3","3","3","3","5","3","3","1","1"
"1","1","2","3","3","3","3","3","3","3","1","1"
"3","1","3","2","3","3","2","2","2","2","1","2"
"1","1","2","3","3","3","3","3","3","3","1","1"
"2","2","3","2","3","3","3","3","3","3","1","3"
"3","2","3","3","3","3","3","5","4","2","1","2"
"4","2","4","3","4","5","3","3","3","3","1","2"
"4","1","3","2","1","1","2","2","3","3","1","2"
"3","2","3","3","3","3","3","3","3","3","1","1"
"2","2","3","3","2","2","2","1","1","1","1","3"
"1","2","4","2","5","5","2","2","2","4","1","3"
"3","1","3","4","2","3","3","3","3","2","1","2"
"2","2","3","3","3","3","3","3","3","3","1","1"
"2","1","3","3","3","3","5","5","4","4","1","1"
"1","1","3","3","4","2","2","1","1","1","2","1"
"3","2","3","2","5","5","5","5","4","4","2","2"
"1","2","2","3","2","2","2","2","2","2","1","1"
"2","1","4","3","3","3","3","2","3","3","1","2"
"4","1","2","3","2","6","5","5","4","1","2","2"
"4","2","2","2","4","1","1","2","2","2","1","2"
"3","1","2","2","1","1","1","1","1","1","1","2"
"2","2","3","3","3","3","5","3","3","3","2","3"
"3","2","3","2","2","3","3","3","2","2","1","1"
"1","1","6","3","3","3","1","1","1","1","1","1"
"2","1","3","3","3","3","5","5","3","3","1","2"
"1","1","4","2","2","5","5","5","2","2","1","2"
"4","1","2","2","3","3","3","3","3","3","2","3"
"4","2","3","3","3","3","3","3","3","3","1","2"
"4","2","3","3","2","2","2","2","2","2","1","2"
"3","2","2","3","4","1","1","1","1","1","2","1"
"2","1","3","3","3","3","3","3","2","3","1","1"
"2","1","3","2","3","3","3","3","3","3","1","2"
"3","2","4","2","3","3","3","3","3","3","1","2"
"1","2","2","3","2","2","2","2","2","2","1","2"
"3","2","3","3","3","3","3","3","3","3","1","2"
"4","2","4","2","1","1","1","1","1","1","1","3"
"4","2","2","2","1","1","1","1","1","1","1","2"
"3","2","3","2","3","3","3","3","3","3","1","2"
"4","2","2","2","7","6","5","3","3","2","2","2"
"2","1","3","2","3","3","3","3","3","3","2","1"
"4","2","2","2","5","5","5","3","3","3","2","2"
"4","2","2","2","3","3","3","3","3","3","1","2"
"4","1","2","2","1","1","1","1","1","1","1","3"
"3","1","2","3","2","2","2","2","2","2","2","2"
"1","1","4","3","4","5","3","3","3","3","1","2"
"3","2","2","2","1","1","1","1","1","1","1","2"
"2","1","3","3","2","5","2","3","2","3","2","1"
"3","2","2","3","2","2","2","1","2","2","1","1"
"1","1","3","3","3","3","3","3","3","3","1","1"
"2","2","3","3","5","5","3","3","4","4","2","2"
"4","1","2","2","5","5","5","5","4","4","2","2"
"2","2","3","3","3","3","3","3","3","3","1","1"
"3","2","2","2","1","1","1","1","1","1","1","3"
"2","1","3","3","4","5","3","3","2","2","2","2"
"1","1","3","2","3","3","5","6","4","3","1","2"
"4","2","2","3","3","3","3","3","2","2","1","1"
"3","1","2","3","2","2","2","3","2","3","1","2"
"2","2","2","3","3","3","5","5","2","2","1","1"
"1","1","2","3","2","2","2","2","2","2","2","1"
"2","1","3","3","3","3","2","3","3","3","1","2"
"2","2","4","2","3","2","2","2","2","3","1","1"
"1","1","3","2","3","3","3","3","3","2","2","2"
"2","2","3","3","2","3","2","3","3","3","1","1"
"4","2","2","2","3","3","3","3","3","3","1","2"
"2","2","3","3","3","3","3","3","3","3","1","2"
"1","2","3","3","3","3","3","3","3","3","2","1"
"2","2","4","3","5","3","3","3","3","3","2","1"
"2","2","2","3","4","5","5","5","3","3","1","2"
"3","1","2","2","3","3","3","3","3","3","1","3"
"3","2","2","3","1","1","1","1","1","1","1","1"
"3","1","2","3","3","3","3","3","3","3","1","1"
"2","2","4","2","1","1","1","1","1","1","1","3"
"4","2","3","3","3","3","3","3","3","3","1","2"
"1","2","2","3","4","5","5","5","3","3","1","1"
"2","2","2","3","4","2","2","2","2","2","1","1"
"2","2","2","3","3","3","3","3","3","3","2","1"
"3","2","3","3","2","2","2","2","2","2","1","1"
"2","1","2","3","6","5","5","6","5","4","2","2"
"3","2","2","2","1","1","1","1","1","1","1","3"
"3","1","3","2","3","3","3","1","1","1","1","3"
"2","1","2","3","5","5","5","5","4","4","2","2"
"3","2","2","3","4","5","3","3","3","3","1","1"
"2","1","2","2","3","3","3","3","3","3","1","3"
"4","2","3","2","5","5","3","3","3","3","2","2"
"4","1","2","2","2","2","2","2","2","2","1","2"
"3","1","3","3","3","3","3","3","3","3","1","2"
"4","2","4","2","1","1","1","1","2","3","1","2"
"3","2","2","3","1","1","1","2","2","2","1","2"
"2","1","3","3","4","5","5","5","4","4","2","2"
"3","2","2","2","2","2","2","2","2","2","1","2"
"1","1","3","2","4","7","6","5","4","5","2","1"
"3","2","2","2","4","2","2","2","3","3","1","2"
"1","1","2","3","3","3","3","3","3","3","1","1"
"3","2","2","3","1","1","1","1","1","1","1","1"
"3","1","2","3","2","2","2","2","2","2","2","2"
"3","2","2","2","2","2","2","2","2","2","1","2"
"2","2","2","3","2","2","1","1","1","1","1","1"
"1","2","4","3","3","3","3","3","3","3","1","3"
"2","2","3","3","4","5","5","5","4","4","1","2"
"2","1","3","3","3","3","3","3","3","4","1","2"
"4","2","3","3","2","2","2","2","2","2","1","2"
"3","1","3","2","1","1","1","1","1","1","1","2"
"2","1","2","2","4","2","3","3","3","3","2","2"
"1","1","3","2","4","5","3","3","3","3","1","2"
"4","2","3","3","3","3","3","3","3","3","1","2"
"2","1","4","2","2","2","2","2","2","2","2","2"
"1","1","3","3","4","5","5","5","4","4","1","1"
"4","2","3","2","1","1","1","1","1","1","1","2"
"1","2","3","2","5","5","5","3","3","4","1","2"
"1","1","3","3","5","5","5","3","3","3","2","1"
"2","1","3","2","3","3","3","3","3","3","1","1"
"3","2","3","2","3","3","3","3","3","3","1","2"
"3","2","3","3","3","3","3","3","3","3","1","2"
"3","1","3","2","2","2","2","2","2","2","1","3"
"1","2","4","3","4","5","3","3","3","3","2","3"
"3","2","3","2","3","3","3","3","3","3","1","1"
"2","1","2","2","4","1","1","1","1","1","2","2"
"2","1","3","2","4","2","2","2","3","2","1","2"
"2","2","2","2","3","3","3","3","3","3","1","2"
"4","2","2","3","5","5","5","5","1","1","2","2"
"2","2","3","2","3","3","3","3","3","3","1","1"
"2","2","3","2","3","3","5","5","4","4","2","2"
"1","2","3","2","3","3","3","1","1","1","1","1"
"1","1","3","3","3","2","5","3","3","3","2","2"
"1","1","2","3","3","3","3","3","3","3","1","1"
"3","2","2","2","1","2","2","1","1","1","1","2"
"3","2","3","2","3","3","3","3","3","3","1","2"
"4","2","3","3","3","3","3","3","3","3","1","1"
"3","1","2","2","5","5","5","5","4","3","2","2"
"1","2","4","3","3","2","2","5","4","2","1","3"
"1","2","3","2","4","1","1","1","1","1","2","3"
"3","1","2","3","3","3","3","3","3","3","1","1"
"3","1","4","2","5","3","3","3","3","3","2","2"
"2","2","3","3","3","3","3","3","3","3","1","1"
"3","1","3","2","5","2","3","3","2","4","2","2"
"2","2","2","3","1","1","1","1","1","1","1","2"
"3","1","2","3","1","1","1","1","1","1","1","2"
"1","2","3","2","3","3","5","3","3","3","1","3"
"2","2","4","2","4","5","5","6","4","4","2","2"
"1","1","3","2","8","7","6","5","3","3","2","1"
"2","1","2","3","2","2","2","1","1","1","1","1"
"3","2","2","2","4","1","1","1","1","1","1","2"
"2","2","3","2","3","3","3","3","3","3","1","1"
"3","2","2","3","1","1","1","1","1","1","1","2"
"3","2","2","3","2","3","3","3","3","3","1","1"
"2","2","3","3","4","1","1","1","2","2","2","1"
"2","1","3","2","2","5","5","3","3","3","1","1"
"2","2","4","2","5","5","5","3","3","4","1","2"
"1","1","4","3","5","3","3","3","3","3","2","2"
"2","2","6","3","1","1","2","3","3","3","1","2"
"2","2","2","3","3","3","3","3","2","2","1","1"
"3","2","4","2","3","3","3","3","3","3","2","2"
"1","2","3","2","3","3","3","3","3","3","2","1"
"2","2","3","3","1","1","1","1","1","1","1","2"
"3","1","3","3","2","2","2","2","2","2","1","1"
"3","1","3","2","3","3","3","3","3","3","1","2"
"4","2","2","3","2","2","2","3","3","3","1","2"
"2","1","2","3","3","3","3","2","3","3","1","1"
"1","1","4","3","4","5","5","5","4","4","2","2"
"1","1","2","3","3","3","3","3","3","3","1","1"
"1","1","4","2","4","5","5","3","3","3","1","2"
"1","2","3","3","3","3","3","3","3","3","1","1"
"1","2","4","2","5","3","3","3","3","3","2","3"
"3","1","3","2","3","3","3","3","3","3","1","2"
"2","2","3","3","3","3","2","2","3","3","2","2"
"4","2","2","2","1","1","1","1","1","1","1","4"
"1","1","3","3","4","5","3","3","4","3","1","2"
"1","1","3","3","4","1","1","2","3","3","1","2"
"2","1","2","3","4","5","5","3","3","3","1","1"
"4","2","3","2","3","3","3","3","3","3","1","1"
"4","1","3","2","3","3","3","3","3","3","1","2"
"4","1","2","2","3","3","3","3","3","3","1","3"
"3","2","2","3","1","1","1","1","2","2","1","2"
"3","1","2","2","1","1","1","1","1","1","1","3"
"3","1","2","2","4","1","2","2","1","2","1","2"
"2","1","3","2","3","3","2","2","2","3","1","2"
"1","1","4","3","1","1","1","1","1","1","2","3"
"2","1","2","2","5","5","5","5","4","4","2","2"
"4","2","3","3","2","2","2","3","3","2","1","2"
"3","2","2","3","2","2","2","2","2","2","1","1"
"3","2","2","2","3","3","3","3","3","3","1","2"
"2","1","4","2","4","1","1","1","1","2","1","2"
"2","1","3","2","3","3","3","3","3","3","1","2"
"3","2","4","3","3","3","3","3","3","3","1","2"
"1","2","4","3","3","3","3","3","3","3","1","1"
"2","1","2","3","3","3","3","3","3","3","1","1"
"1","2","4","3","3","2","2","5","4","2","2","1"
"4","1","3","2","3","3","3","3","3","3","1","3"
"3","1","2","3","2","2","3","3","2","2","1","1"
"2","2","3","2","2","2","2","2","3","3","1","2"
"3","2","2","3","1","1","1","1","1","1","2","1"
"3","1","2","2","4","2","2","1","1","1","1","2"
"2","1","2","3","3","3","3","3","3","3","1","2"
"2","2","3","2","3","3","3","3","3","3","1","2"
"4","1","2","2","2","2","3","3","3","3","1","2"
"3","2","2","2","4","2","2","3","2","2","1","2"
"3","1","2","3","4","1","2","5","3","2","2","1"
"3","1","3","2","3","3","3","3","3","3","1","2"
"2","2","3","3","5","5","5","5","4","4","2","1"
"1","1","4","2","3","3","3","3","2","2","1","3"
"3","2","4","2","2","2","3","3","3","3","1","2"
"2","2","3","3","2","2","2","2","2","2","1","1"
"3","2","2","3","4","2","6","5","4","1","1","1"
"1","2","3","3","5","3","3","3","3","5","2","1"
"4","2","4","2","2","2","2","2","2","1","1","2"
"4","1","2","2","3","3","3","3","3","3","1","3"
"1","1","6","3","6","5","3","3","3","1","1","2"
"4","2","3","2","4","1","1","2","2","2","1","2"
"2","2","3","2","4","5","3","3","3","3","2","1"
"4","2","2","3","4","5","5","5","4","3","2","2"
"1","1","3","3","3","3","3","3","3","3","2","2"
"2","1","3","4","3","3","3","3","3","3","1","2"
"3","2","3","2","3","3","3","3","3","3","1","3"
"3","1","6","3","5","3","3","3","1","1","2","2"
"1","1","3","3","3","3","3","3","3","3","1","2"
"4","2","2","3","1","1","1","1","1","1","1","2"
"1","2","3","2","4","5","5","5","4","4","1","3"
"2","2","2","3","3","3","3","3","3","3","1","1"
"4","2","3","3","2","2","2","2","2","2","1","1"
"1","1","2","3","3","3","3","3","3","3","1","1"
"4","2","4","3","3","3","3","3","3","3","1","2"
"1","2","3","3","3","3","3","3","3","3","1","2"
"2","1","2","3","2","2","2","2","2","2","1","1"
"3","1","3","3","3","3","3","3","3","3","1","4"
"2","1","2","3","5","3","3","3","4","3","2","1"
"3","2","3","3","1","2","2","2","2","2","1","1"
"1","2","3","2","3","3","3","3","3","4","1","1"
"1","1","2","3","2","2","2","1","1","1","2","1"
"2","2","3","2","1","1","1","1","1","1","2","2"
"2","1","2","3","3","3","3","3","3","3","1","1"
"1","1","4","2","5","5","6","5","4","4","2","2"
"1","2","2","3","3","3","3","3","2","2","2","1"
"4","1","4","3","3","3","3","3","3","3","2","2"
"2","2","2","3","4","5","3","3","3","3","1","1"
"1","2","4","2","5","5","5","5","4","4","2","2"
"3","1","3","3","6","5","5","3","3","4","1","2"
"4","2","3","2","3","3","3","3","3","3","1","1"
"1","1","3","2","3","3","3","3","4","4","2","2"
"4","2","3","3","1","1","1","1","1","1","1","2"
"1","2","7","3","5","3","3","3","3","3","1","2"
"2","1","3","2","5","5","5","5","4","4","2","1"
"1","1","3","3","4","8","7","11","9","8","1","1"
"1","1","3","3","2","2","3","2","2","2","1","1"
"3","2","2","3","3","3","3","3","3","4","1","2"
"3","2","6","2","3","3","3","3","3","3","1","3"
"2","2","3","3","4","1","1","1","1","1","1","1"
"2","2","4","2","5","6","5","5","4","3","1","2"
"1","1","4","3","2","2","5","5","4","2","2","2"
"3","2","3","3","2","5","2","3","2","4","1","3"
"2","1","3","2","5","3","3","3","3","5","2","1"
"1","2","2","3","3","3","3","3","3","3","1","1"
"3","2","3","3","3","3","5","3","3","3","1","1"
"2","2","3","3","3","3","3","3","3","3","1","2"
"4","2","3","3","3","3","3","3","3","3","1","1"
"2","2","4","3","3","3","3","3","3","3","1","2"
"2","2","2","3","2","5","2","2","2","2","2","1"
"3","2","4","2","4","1","1","2","3","3","1","2"
"2","2","4","2","2","5","2","2","2","2","2","2"
"2","1","4","3","5","5","5","5","4","4","2","2"
"1","1","2","3","3","3","3","3","3","3","2","1"
"3","2","2","3","4","2","2","2","1","1","1","1"
"1","1","3","3","5","3","3","2","2","2","1","2"
"4","2","4","2","3","3","3","3","3","3","1","1"
"1","1","3","3","3","3","3","3","3","3","2","1"
"1","2","6","3","2","3","3","3","3","1","1","1"
"4","1","3","2","2","2","2","2","2","2","1","3"
"4","2","5","3","3","3","3","3","3","3","1","1"
"3","2","2","2","2","2","2","2","2","2","1","2"
"1","1","4","3","3","3","3","3","3","3","1","3"
"4","2","3","3","3","3","3","3","3","3","1","1"
"2","1","3","2","6","5","5","10","9","8","2","2"
"1","1","2","3","2","2","3","2","3","3","1","1"
"2","1","4","2","3","3","3","3","3","3","1","2"
"1","2","4","4","3","3","3","3","3","3","1","3"
"4","1","3","3","4","1","2","2","2","2","1","2"
"2","1","2","3","3","3","3","3","3","3","1","1"
"1","1","2","3","3","3","3","3","3","3","1","1"
"3","1","3","2","2","2","2","2","2","3","1","3"
"4","2","2","3","3","3","3","3","3","3","1","1"
"1","1","3","3","3","3","3","3","3","3","2","2"
"2","2","3","2","5","5","3","3","3","3","1","1"
"2","2","4","2","3","3","3","3","3","3","1","2"
"4","2","2","2","3","2","2","2","1","2","1","2"
"1","1","4","2","2","2","2","2","2","2","2","2"
"2","2","2","3","3","3","3","3","3","3","1","2"
"2","1","2","3","2","2","2","1","1","1","1","1"
"3","1","2","3","3","3","3","3","3","3","1","3"
"4","1","3","2","3","3","3","3","3","3","1","1"
"4","1","2","2","3","3","3","3","3","3","1","2"
"3","2","3","2","3","3","3","2","2","2","1","3"
"1","2","2","3","3","3","3","3","3","3","1","1"
"3","1","3","3","4","1","1","1","1","1","1","2"
"2","2","3","2","3","3","3","3","2","2","1","2"
"1","1","3","3","4","5","5","5","4","3","1","1"
"2","2","3","3","2","2","2","1","1","1","1","1"
"3","2","2","3","2","2","2","2","3","3","1","2"
"3","2","3","2","1","1","1","1","1","1","1","2"
"4","2","3","3","2","2","2","2","1","2","1","2"
"2","2","3","2","3","3","3","3","3","3","2","1"
"1","1","3","2","3","3","3","3","2","2","1","2"
"3","1","3","2","3","3","5","5","3","3","1","3"
"1","2","4","3","3","3","3","3","3","3","1","2"
"3","2","2","2","4","1","2","2","1","1","1","2"
"2","2","3","2","3","3","3","3","4","3","2","2"
"3","2","3","3","3","3","3","3","3","3","1","1"
"4","2","3","3","3","3","3","3","3","3","1","2"
"4","2","3","2","3","3","2","3","3","3","1","3"
"4","2","3","2","3","3","5","3","3","3","2","1"
"2","1","2","2","4","5","3","3","3","2","2","1"
"2","2","3","3","3","3","3","3","3","3","1","2"
"2","2","2","3","2","2","2","2","2","4","1","1"
"1","2","2","2","5","5","5","5","4","4","2","2"
"1","2","2","3","1","1","1","1","1","1","1","1"
"1","2","3","3","4","7","6","5","3","3","1","2"
"1","1","2","3","7","6","5","3","3","4","1","1"
"3","2","3","3","2","2","3","3","3","2","1","1"
"1","2","2","3","1","1","1","1","1","1","1","1"
"4","2","3","2","3","3","3","3","3","3","1","2"
"2","1","3","2","4","5","5","3","3","3","2","3"
"3","2","2","3","2","2","2","2","3","3","1","2"
"4","2","3","3","3","3","3","3","3","3","1","2"
"3","2","3","3","3","3","3","3","3","3","1","1"
"4","1","2","3","2","2","2","2","3","2","1","2"
"4","2","3","2","3","3","3","3","3","3","1","2"
"4","2","2","3","2","2","3","3","3","3","1","1"
"1","2","4","2","4","2","2","2","1","1","1","3"
"3","2","4","2","1","1","1","1","1","1","1","2"
"4","1","2","3","3","3","3","3","3","3","1","2"
"3","1","2","3","5","5","5","5","4","4","2","2"
"3","2","2","3","1","1","1","1","1","1","1","2"
"4","1","2","2","3","3","3","3","3","4","2","4"
"1","2","4","2","3","3","3","3","3","3","1","2"
"2","2","4","3","3","3","3","3","3","3","1","1"
"2","2","3","3","3","3","5","5","4","4","1","1"
"2","1","3","3","3","3","3","5","4","4","2","2"
"4","2","4","2","4","5","5","2","2","2","1","2"
"3","2","2","3","3","2","2","2","2","2","1","1"
"3","2","3","2","3","3","3","3","3","3","1","2"
"4","1","6","2","3","3","2","2","2","2","1","3"
"1","1","3","3","5","5","5","5","3","3","2","2"
"2","2","3","3","3","3","3","3","3","3","1","1"
"2","2","3","2","2","2","2","2","2","2","1","2"
"2","1","2","3","3","3","3","3","3","3","1","1"
"1","2","6","2","3","3","3","3","3","3","1","1"
"3","1","2","2","4","2","2","2","2","2","2","2"
"3","2","3","2","3","3","3","3","3","3","1","1"
"4","2","3","2","3","3","3","3","3","3","1","3"
"2","2","3","2","2","2","2","3","3","3","1","2"
"4","2","3","3","3","3","3","3","3","3","1","1"
"3","2","4","2","4","2","2","2","2","2","1","2"
"1","2","2","3","4","5","5","5","3","3","2","1"
"2","1","2","2","4","5","5","5","3","3","2","2"
"3","2","3","3","1","1","1","1","1","1","1","1"
"2","1","3","3","3","3","3","3","1","1","1","1"
"1","1","4","3","3","3","3","3","3","3","1","3"
"2","1","4","2","3","3","3","3","3","3","1","2"
"4","1","2","2","1","1","1","1","1","1","1","4"
"3","1","3","2","4","1","1","1","1","1","2","2"
"2","1","3","3","1","1","1","1","1","1","1","2"
"2","1","3","3","5","3","3","3","3","3","2","1"
"1","2","4","3","5","5","3","3","4","3","2","2"
"1","2","3","2","4","5","3","3","3","1","1","1"
"3","1","2","2","3","3","3","3","3","3","1","2"
"2","1","3","3","3","3","3","3","3","4","1","2"
"2","2","3","2","3","3","2","2","1","1","1","3"
"4","1","2","3","2","2","2","2","2","2","1","3"
"4","1","3","2","3","3","3","3","3","3","1","2"
"1","2","4","2","3","3","5","5","3","3","2","1"
"2","2","3","2","3","3","3","3","2","2","1","3"
"2","2","3","2","3","3","3","3","3","3","1","2"
"1","2","3","2","3","3","3","3","4","4","1","3"
"4","2","3","2","3","3","3","1","1","1","1","1"
"2","2","2","3","3","3","3","3","3","3","1","1"
"4","1","2","2","2","2","2","2","2","2","2","2"
"1","1","3","2","3","3","3","3","3","3","1","3"
"1","2","4","2","3","3","3","3","4","4","1","1"
"2","2","3","3","2","2","2","2","2","2","1","2"
"3","2","2","3","1","1","1","1","1","1","1","2"
"3","2","2","2","4","1","1","1","1","1","1","3"
"1","1","3","2","3","3","1","1","2","3","1","3"
"2","2","4","2","1","2","2","2","2","1","1","2"
"2","1","3","2","5","3","3","3","3","3","2","3"
"1","2","2","3","4","1","2","2","2","2","1","1"
"1","2","3","2","4","2","3","3","4","3","1","2"
"4","2","3","2","2","2","2","2","2","2","1","2"
"4","2","3","3","3","3","3","3","3","3","1","1"
"2","1","4","3","3","3","3","3","3","3","1","1"
"1","2","4","3","3","3","3","3","3","3","1","3"
"3","2","3","3","2","2","2","2","2","2","1","2"
"4","2","2","3","2","2","2","2","3","2","1","2"
"3","2","3","2","3","3","3","3","3","3","1","2"
"1","2","2","3","4","5","3","3","3","3","1","1"
"3","2","4","2","2","2","5","2","3","3","1","2"
"2","2","3","3","4","5","5","5","4","4","1","1"
"3","2","2","3","3","3","3","3","3","4","2","2"
"4","1","2","2","4","1","1","1","2","2","1","2"
"1","2","3","2","3","3","3","3","3","2","1","2"
"3","2","2","3","2","2","2","1","1","2","1","1"
"3","2","4","3","2","3","2","3","3","2","1","3"
"3","2","4","3","4","1","1","1","1","1","1","1"
"2","1","3","3","6","6","8","7","5","4","1","2"
"3","2","3","2","1","1","1","1","1","1","2","2"
"3","2","4","2","4","1","2","2","2","2","1","2"
"2","2","2","3","3","3","3","3","3","3","1","1"
"2","1","3","2","3","3","3","3","3","3","1","3"
"2","2","3","2","5","5","5","5","3","3","2","2"
"1","2","6","2","3","3","3","3","3","3","1","3"
"3","2","2","3","3","3","3","3","3","3","1","1"
"2","2","2","2","3","3","3","3","3","3","1","2"
"1","2","3","3","3","3","1","2","3","3","1","1"
"1","1","3","3","3","3","3","3","3","3","1","1"
"3","1","2","3","3","3","1","1","1","2","1","1"
"2","1","4","2","3","3","5","3","3","3","2","2"
"2","2","3","2","5","5","5","5","4","4","2","3"
"2","1","3","3","3","3","3","3","1","1","1","1"
"2","2","3","3","5","3","3","3","3","3","2","1"
"2","2","2","3","1","1","1","1","1","1","1","1"
"2","1","2","3","4","1","1","1","2","2","2","2"
"2","2","3","2","3","3","3","3","3","3","1","3"
"2","2","2","2","3","3","3","3","3","3","1","2"
"3","1","2","3","3","3","3","5","4","4","2","2"
"3","2","2","3","6","5","2","3","3","3","1","1"
"2","2","3","2","4","5","5","1","1","1","1","2"
"3","2","3","3","3","3","3","3","3","3","2","1"
"2","2","2","2","3","3","3","3","3","3","1","2"
"4","2","3","2","1","1","1","1","1","1","1","2"
"4","1","2","2","2","2","2","3","3","3","1","2"
"4","1","2","2","2","2","2","1","2","4","1","3"
"3","2","3","3","3","3","3","3","3","3","2","2"
"1","1","4","2","3","2","2","2","2","2","2","2"
"1","1","3","2","1","1","1","1","1","1","1","2"
"4","2","2","3","2","2","1","2","2","2","2","1"
"3","2","3","3","3","3","2","3","3","1","1","1"
"1","2","3","3","4","5","3","3","3","3","1","2"
"3","1","3","2","3","3","3","3","3","3","1","2"
"1","2","3","3","3","3","3","3","3","3","2","1"
"1","1","4","2","3","3","3","3","3","4","1","2"
"1","1","3","2","3","3","3","3","3","3","1","2"
"3","2","3","2","1","1","1","1","1","1","1","2"
"4","1","2","3","1","1","1","1","1","1","1","1"
"4","1","2","3","5","5","5","5","4","4","2","1"
"3","2","2","3","4","1","1","1","1","1","2","2"
"3","2","3","3","3","3","3","3","4","4","1","2"
"1","1","4","2","3","3","3","3","3","3","1","2"
"3","2","2","2","2","2","2","2","2","2","2","2"
"2","2","4","2","3","3","3","3","3","3","1","2"
"2","1","3","2","2","2","2","2","2","2","2","1"
"2","1","4","2","2","5","2","2","2","2","1","3"
"1","2","4","2","3","3","3","3","3","3","1","2"
"3","2","3","2","4","5","3","3","3","3","2","2"
"1","2","3","3","3","3","5","3","3","3","1","1"
"1","2","2","3","2","2","2","2","2","2","1","1"
"3","2","3","3","4","7","6","5","4","4","1","1"
"4","2","2","2","2","2","2","3","3","2","1","2"
"1","1","3","2","3","3","3","3","3","3","1","3"
"4","2","3","3","3","3","3","3","3","3","1","2"
"3","1","3","2","1","1","1","1","1","1","1","2"
"2","1","3","3","3","3","3","3","3","3","1","3"
"2","2","4","2","3","3","3","3","3","3","1","3"
"3","1","3","3","3","3","3","3","3","3","1","1"
"1","2","4","2","4","1","2","3","3","3","1","1"
"3","2","2","2","1","1","1","1","1","1","1","2"
"3","2","2","3","1","1","1","1","1","1","1","1"
"3","1","3","2","3","3","3","3","3","3","1","2"
"2","2","4","2","3","3","3","3","3","3","1","1"
"3","2","3","3","4","2","2","2","2","2","1","1"
"4","2","3","3","3","3","3","3","3","3","1","2"
"1","1","3","2","3","3","3","3","3","3","1","3"
"2","1","3","2","6","7","6","5","4","4","2","3"
"1","2","4","2","5","5","3","3","3","3","2","1"
"3","2","2","3","3","3","3","3","3","3","1","1"
"2","2","2","3","3","3","3","3","3","3","1","2"
"4","2","2","3","4","1","1","2","2","1","2","1"
"1","1","3","3","5","7","6","5","4","6","2","2"
"4","2","2","2","2","2","1","2","2","2","1","3"
"2","2","3","3","5","3","3","3","3","3","1","2"
"2","2","4","2","5","3","3","3","3","3","1","1"
"2","2","2","3","5","5","5","3","3","4","2","1"
"3","2","3","2","2","2","1","2","2","1","1","2"
"4","2","7","4","3","3","3","2","2","2","1","2"
"3","2","3","2","5","5","5","5","4","3","2","2"
"3","2","2","3","2","2","2","2","2","2","1","2"
"4","2","2","3","3","3","3","3","3","3","1","2"
"4","1","2","2","2","2","2","3","3","3","1","3"
"3","1","3","2","1","1","1","2","3","3","1","2"
"4","2","3","2","3","3","3","3","3","3","1","1"
"3","2","3","2","4","1","1","1","1","2","1","2"
"1","2","2","3","3","3","3","3","3","3","1","3"
"4","1","2","3","1","1","2","3","2","2","1","2"
"4","1","3","3","4","2","3","3","3","3","1","2"
"2","2","2","2","2","2","2","2","2","2","1","1"
"3","1","3","3","3","3","3","3","2","2","1","2"
"2","2","3","3","5","3","3","5","4","2","2","1"
"1","2","3","2","4","8","7","6","4","4","2","1"
"2","2","3","2","5","5","5","3","3","3","2","1"
"4","1","3","3","2","2","2","2","3","3","1","2"
"2","2","3","2","1","1","1","1","1","1","2","3"
"1","1","3","3","3","3","3","3","3","3","1","1"
"1","1","3","4","3","3","3","3","3","3","1","3"
"3","2","2","2","4","5","2","2","2","4","1","1"
"1","1","3","3","3","3","3","3","3","3","1","2"
"2","1","4","2","1","1","1","1","1","1","1","3"
"3","2","2","2","1","1","1","1","1","1","1","2"
"1","2","4","2","3","3","3","1","1","1","1","3"
"3","2","2","3","1","1","1","1","1","1","1","2"
"1","1","3","3","3","3","3","3","3","3","1","1"
"2","1","2","3","3","3","3","3","3","3","1","1"
"4","2","3","3","3","3","5","3","3","3","2","1"
"1","1","3","3","3","3","2","3","3","3","1","1"
"2","1","3","3","4","5","5","5","3","3","1","1"
"4","1","2","3","2","3","3","3","2","2","1","2"
"1","2","2","3","3","3","2","3","3","3","1","1"
"3","2","2","2","2","2","2","2","2","3","1","2"
"2","1","3","3","3","2","2","2","2","3","1","1"
"2","2","2","3","5","3","3","3","3","3","2","1"
"3","2","3","3","2","2","2","3","2","2","1","2"
"2","2","4","3","4","5","5","6","4","4","1","1"
"4","2","2","2","5","5","8","8","6","5","1","2"
"4","2","3","3","2","2","1","1","1","1","1","2"
"2","1","3","2","3","3","5","3","3","3","2","2"
"3","1","2","3","4","2","2","2","3","2","2","1"
"2","1","3","3","5","5","3","3","3","3","2","1"
"4","2","3","3","3","3","3","3","3","3","1","2"
"1","1","3","3","3","3","3","3","3","3","1","1"
"3","2","3","3","1","1","1","2","3","3","1","3"
"4","2","2","3","4","1","1","1","1","1","2","3"
"1","1","3","3","2","3","3","3","4","3","1","1"
"1","1","2","3","3","3","5","5","4","3","1","1"
"2","2","2","3","3","3","3","3","3","3","1","1"
"3","2","3","3","1","1","1","2","3","3","1","2"
"3","1","3","3","3","3","3","5","2","2","1","1"
"1","1","3","2","3","3","3","3","3","3","1","3"
"3","2","2","3","2","2","2","2","1","1","1","1"
"2","2","2","3","2","2","3","3","2","2","1","1"
"4","2","2","3","1","1","1","1","1","1","1","2"
"2","2","2","3","3","3","3","3","3","3","2","1"
"4","1","4","2","2","2","2","2","2","2","2","2"
"2","2","3","2","3","3","3","3","3","3","1","2"
"2","1","3","3","3","3","3","3","3","3","1","2"
"1","2","3","2","4","5","3","3","3","2","1","1"
"3","2","2","2","3","3","3","3","3","3","1","3"
"4","2","4","3","2","2","2","5","2","2","1","2"
"4","2","3","2","5","3","3","3","3","3","2","2"
"4","1","2","2","3","3","3","3","3","3","1","3"
"3","2","2","2","3","3","3","3","3","3","1","4"
"2","1","3","2","3","3","3","3","3","3","2","2"
"3","2","3","3","2","2","1","1","2","2","1","1"
"1","1","4","2","5","3","3","3","3","3","2","2"
"4","2","5","2","1","1","1","1","1","1","1","2"
"1","2","4","3","5","5","5","3","3","3","2","1"
"2","1","3","2","3","3","3","3","3","3","1","3"
"2","2","3","3","3","3","3","3","1","1","1","1"
"1","2","3","3","2","2","3","3","2","2","1","1"
"1","2","4","2","4","1","1","1","2","2","1","2"
"2","2","3","3","5","2","2","5","3","3","1","1"
"3","2","3","2","3","3","3","3","3","3","1","1"
"3","2","4","2","2","2","2","1","1","1","1","3"
"4","1","4","4","3","3","3","3","3","3","1","3"
"2","2","3","3","4","5","3","3","3","3","2","1"
"4","2","3","2","4","1","1","1","1","1","1","3"
"3","2","3","3","2","2","5","3","3","2","2","1"
"3","1","2","3","2","5","5","1","1","1","1","2"
"2","1","3","3","3","3","3","3","3","1","1","1"
"3","1","2","2","3","3","3","3","3","3","1","3"
"3","1","2","3","2","2","2","2","2","2","1","1"
"4","2","3","3","1","2","5","5","1","1","1","2"
"4","2","2","3","2","3","3","3","3","2","1","2"
"4","2","2","3","2","2","2","2","2","3","1","2"
"3","2","3","3","11","10","9","8","6","5","2","1"
"3","2","3","3","2","2","5","3","3","4","1","1"
"4","1","4","3","3","3","3","3","3","3","1","1"
"3","2","3","2","1","1","1","1","1","1","1","2"
"2","1","4","2","5","5","5","5","4","4","1","2"
"1","1","4","2","3","3","5","3","3","4","2","3"
"1","2","3","3","3","3","3","3","3","3","1","1"
"4","2","2","2","3","3","3","3","3","3","1","2"
"3","2","2","3","4","5","5","3","3","3","1","1"
"3","2","4","2","4","1","1","1","1","2","1","2"
"2","1","2","3","1","1","1","1","1","1","2","1"
"1","2","4","2","3","3","3","3","3","3","1","2"
"3","1","2","2","5","5","5","5","3","3","2","1"
"2","1","3","3","3","3","3","1","1","1","1","1"
"2","1","4","2","2","2","2","1","2","2","1","3"
"2","2","2","3","3","3","3","3","3","3","1","2"
"4","2","4","2","4","5","5","5","3","3","1","3"
"2","2","4","2","3","3","3","3","3","3","1","2"
"1","2","3","3","6","7","6","5","3","3","2","1"
"3","2","3","2","4","5","5","5","3","3","2","1"
"2","1","4","2","3","3","3","3","3","3","1","2"
"2","2","6","3","2","2","2","3","3","3","1","1"
"1","1","2","3","3","3","5","3","3","4","1","2"
"3","2","2","3","2","2","2","2","3","3","1","1"
"1","1","3","3","3","3","3","3","3","3","2","2"
"1","1","5","3","3","3","3","3","3","3","1","1"
"2","2","2","2","4","5","8","7","6","6","1","2"
"2","1","3","3","4","5","3","3","3","2","2","1"
"2","2","3","3","3","3","3","3","3","4","1","2"
"1","2","2","2","3","3","3","3","3","3","1","2"
"4","2","3","2","3","3","3","3","3","3","1","2"
"3","2","3","2","2","2","5","5","1","1","1","3"
"3","2","2","2","2","3","2","2","2","2","1","2"
"1","2","3","3","5","5","5","5","3","3","2","1"
"3","2","4","2","2","2","2","2","2","3","1","2"
"4","2","3","2","3","3","2","2","2","3","1","1"
"1","2","4","3","3","3","3","3","3","3","1","2"
"1","1","3","2","4","5","3","3","3","3","1","3"
"1","2","4","4","3","3","3","3","3","3","1","2"
"3","1","2","2","3","3","3","3","3","3","1","2"
"2","2","3","3","3","3","3","3","3","3","1","2"
"1","2","4","3","2","5","2","3","2","2","1","2"
"1","1","3","3","2","5","5","5","4","4","1","2"
"3","2","3","3","3","3","3","3","3","3","1","1"
"2","2","2","3","3","3","3","3","3","3","1","1"
"1","2","3","3","5","5","5","5","4","4","1","1"
"2","2","4","3","3","3","3","3","3","3","1","2"
"1","1","4","3","4","1","1","1","1","1","2","3"
"3","2","2","3","3","3","3","3","3","1","1","1"
"4","2","3","2","2","2","2","2","2","2","1","2"
"4","2","3","3","2","2","2","2","3","2","1","2"
"3","2","2","2","2","2","2","2","2","2","1","2"
"2","1","3","3","4","5","5","5","4","4","2","1"
"4","2","3","2","3","3","3","3","3","3","1","3"
"3","2","2","2","1","1","1","1","1","1","1","2"
"3","2","2","3","3","3","3","3","3","3","1","1"
"1","1","4","2","3","3","3","3","3","3","1","3"
"1","2","3","3","4","5","5","5","4","4","2","1"
"3","2","3","2","1","1","1","1","1","1","1","2"
"1","2","3","4","3","3","3","3","3","3","1","3"
"4","2","2","2","4","2","2","1","1","1","2","3"
"2","2","3","3","3","3","3","2","2","2","1","2"
"4","2","2","2","1","1","1","1","1","1","1","3"
"3","2","2","3","1","1","1","1","1","1","2","3"
"3","1","7","2","1","1","1","1","1","1","1","2"
"2","1","3","3","4","1","1","2","3","3","1","1"
"4","2","2","4","2","2","2","2","2","3","1","2"
"2","2","4","2","4","2","2","1","1","2","2","3"
"3","1","3","2","6","5","5","1","2","2","1","3"
"1","1","3","3","3","3","3","3","3","3","2","2"
"4","2","2","2","5","5","5","5","4","4","2","3"
"2","2","3","3","2","2","1","1","1","1","2","1"
"2","2","3","2","3","3","3","3","3","3","1","1"
"3","1","2","2","3","3","3","3","3","3","2","2"
"1","1","3","2","3","3","3","3","3","3","1","2"
"3","2","4","2","3","3","3","3","3","3","1","2"
"1","2","3","2","3","3","3","3","3","3","1","3"
"2","1","4","2","2","2","2","3","3","3","1","3"
"1","1","3","3","3","3","3","3","3","3","2","1"
"3","1","3","2","2","2","1","2","2","2","1","1"
"3","2","2","3","1","1","1","1","1","1","1","2"
"3","1","3","3","3","3","3","3","3","3","1","1"
"4","1","2","2","1","1","1","1","1","1","1","3"
"4","1","2","3","3","3","3","3","3","3","1","2"
"2","1","7","3","5","5","3","3","3","3","1","3"
"4","2","3","3","1","1","1","1","1","1","2","2"
"4","2","2","3","4","2","2","2","2","2","1","2"
"4","2","3","2","3","3","3","3","3","3","1","1"
"4","2","3","2","1","1","1","1","1","1","1","3"
"2","2","4","2","3","3","3","3","3","3","1","2"
"4","2","3","2","3","3","3","2","2","2","1","1"
"1","1","3","2","4","5","5","5","5","4","2","4"
"2","2","3","2","3","3","3","5","3","3","2","2"
"2","1","3","2","3","3","3","3","3","2","1","3"
"2","2","3","3","4","5","5","5","4","4","2","2"
"2","1","3","3","3","3","3","3","3","3","1","2"
"1","1","3","2","5","5","5","5","4","4","2","3"
"3","2","4","3","1","1","1","1","1","2","1","2"
"4","1","2","2","4","1","1","1","1","1","1","2"
"2","2","3","3","5","3","3","3","3","3","2","1"
"1","1","3","3","4","5","5","3","3","3","2","1"
"2","2","3","3","1","1","1","1","1","1","1","1"
"2","2","3","3","3","3","3","3","3","3","1","2"
"3","2","2","3","4","1","1","2","2","2","1","2"
"1","2","3","2","4","5","5","5","3","3","1","2"
"4","2","2","3","2","2","1","2","3","3","2","2"
"4","2","2","3","1","1","2","2","1","1","1","1"
"4","1","2","2","2","5","2","2","2","2","2","3"
"1","2","4","3","3","3","3","5","4","3","1","2"
"1","2","6","3","3","3","3","3","3","1","1","1"
"3","2","2","3","4","5","3","3","3","3","1","4"
"4","1","2","2","2","2","2","2","2","1","1","2"
"1","2","3","3","2","2","5","3","3","2","1","1"
"3","2","3","2","3","3","1","2","2","1","1","1"
"2","2","3","2","3","3","3","3","3","3","1","3"
"2","1","2","3","4","1","1","1","1","1","1","1"
"3","2","4","2","1","1","1","1","1","1","1","2"
"2","1","3","3","3","3","3","5","4","4","1","1"
"3","2","2","2","1","1","1","1","1","1","2","3"
"4","1","3","2","2","2","2","2","2","2","1","2"
"2","2","4","3","3","3","3","3","3","3","1","3"
"2","1","2","3","4","5","2","3","2","2","1","1"
"2","2","3","3","3","3","5","3","3","3","1","1"
"3","2","2","3","1","1","1","1","1","1","1","2"
"1","2","4","2","4","1","2","3","3","2","1","2"
"3","1","2","3","3","3","3","3","3","3","1","1"
"3","2","3","2","3","3","3","2","2","3","2","2"
"3","2","6","3","1","1","2","2","3","2","1","1"
"2","2","2","3","3","3","3","3","3","3","1","1"
"1","2","2","3","3","3","3","3","3","3","1","1"
"1","1","2","3","3","3","3","3","3","3","2","1"
"4","1","2","3","2","2","2","2","1","1","1","2"
"3","2","3","2","1","1","1","1","1","2","2","2"
"2","1","2","3","2","2","2","2","2","2","1","1"
"3","2","3","2","3","3","2","5","4","4","1","3"
"1","1","2","3","3","3","3","3","3","3","1","2"
"2","2","3","3","3","3","3","3","4","3","1","1"
"4","2","3","4","3","3","3","3","3","3","1","2"
"2","1","3","3","3","3","3","3","3","3","1","2"
"2","2","4","2","5","3","3","5","4","4","1","1"
"4","2","2","2","2","2","2","2","2","2","1","2"
"2","1","3","2","5","5","5","3","3","3","2","2"
"4","2","2","2","1","1","1","1","1","1","2","2"
"1","1","3","2","3","3","3","3","3","3","1","2"
"1","2","3","2","3","3","3","3","3","3","1","3"
"4","1","2","3","2","3","3","3","3","3","1","2"
"4","1","2","2","1","1","2","3","2","3","1","2"
"4","2","2","3","3","3","3","3","3","2","1","1"
"2","1","2","2","5","5","5","5","4","3","2","2"
"1","1","2","3","3","3","3","2","2","1","1","1"
"3","2","3","2","3","3","3","3","3","3","1","2"
"1","2","3","3","5","3","3","3","3","3","1","1"
"3","1","2","3","3","3","3","3","3","3","1","1"
"4","1","3","2","4","5","3","3","3","3","1","2"
"3","2","2","3","1","1","1","2","2","2","1","2"
"1","2","3","2","2","2","2","2","1","2","1","3"
"2","2","2","3","1","2","3","3","3","3","1","2"
"4","2","2","3","1","1","1","1","1","1","2","2"
"4","2","2","3","3","3","3","3","3","3","1","1"
"1","2","4","3","3","3","2","3","2","2","1","2"
"2","1","3","3","5","5","5","3","3","3","2","1"
"1","1","4","3","3","3","3","3","3","3","1","1"
"3","1","3","2","3","3","3","3","4","3","1","1"
"1","2","2","3","3","3","3","3","3","3","1","1"
"3","2","3","2","3","3","3","3","3","3","1","2"
"1","2","4","2","5","5","5","5","4","4","2","2"
"1","2","4","2","3","3","3","3","3","3","1","3"
"2","2","3","3","3","3","5","3","3","3","2","1"
"3","2","2","2","2","2","2","2","2","2","1","2"
"3","1","3","2","2","2","2","2","2","2","1","2"
"3","2","3","2","3","3","3","3","3","3","1","2"
"2","2","4","2","3","3","5","3","3","3","1","2"
"4","1","2","3","2","2","2","2","2","2","1","2"
"4","1","3","3","1","1","1","1","1","1","1","1"
"4","1","2","3","2","2","2","3","2","2","1","2"
"1","1","3","3","5","3","3","3","3","3","1","1"
"3","2","3","2","4","1","1","1","1","1","2","2"
"1","1","3","3","3","3","3","5","3","3","1","2"
"1","2","3","3","3","3","3","3","3","3","1","1"
"3","2","2","3","2","3","3","3","3","1","1","1"
"4","1","2","2","2","2","2","2","2","2","1","3"
"1","1","4","2","4","5","3","2","2","1","2","3"
"2","2","2","2","4","5","3","3","4","3","2","2"
"3","1","2","2","2","2","2","2","2","2","1","2"
"1","2","3","2","5","5","5","5","4","3","2","2"
"3","2","2","2","4","1","1","1","1","1","1","1"
"4","2","2","2","2","2","2","2","2","2","1","3"
"1","1","4","3","3","3","3","3","3","3","1","2"
"3","1","2","3","2","2","2","2","2","2","1","2"
"1","2","3","2","3","3","3","3","4","4","1","3"
"4","1","3","3","3","3","3","3","3","3","1","2"
"3","2","3","2","3","3","3","3","3","1","1","2"
"3","2","2","2","3","3","3","3","3","3","1","2"
"2","2","4","2","3","3","3","3","3","3","1","3"
"2","1","2","3","3","3","3","3","1","2","1","2"
"3","2","2","3","3","3","3","3","3","3","1","2"
"2","1","2","3","4","5","3","3","4","3","1","2"
"4","1","2","3","3","3","3","3","3","3","1","1"
"1","2","3","3","3","3","3","3","3","4","1","1"
"4","2","2","3","2","2","2","2","2","2","1","1"
"3","2","2","3","2","2","2","3","3","2","1","1"
"3","1","2","2","3","3","3","3","3","3","1","2"
"3","2","3","2","2","3","3","3","3","3","1","2"
"1","2","2","3","5","5","5","5","4","4","2","1"
"2","1","4","2","3","3","3","3","3","3","1","3"
"4","1","2","3","3","3","3","3","3","2","1","1"
"4","2","4","3","1","1","1","1","1","1","2","2"
"3","1","6","2","3","3","3","3","3","3","1","3"
"3","2","3","2","3","3","3","3","3","3","1","2"
"4","2","2","2","2","2","2","5","4","5","1","3"
"2","2","4","2","3","3","3","3","3","3","1","4"
"4","1","2","2","4","1","1","1","1","1","1","3"
"1","2","3","2","5","5","3","3","3","3","2","2"
"4","1","2","3","1","1","1","1","2","3","1","2"
"2","2","3","3","5","3","3","3","4","3","2","1"
"3","1","2","2","2","2","2","2","2","2","1","2"
"3","2","3","2","2","2","2","2","2","2","2","2"
"4","2","2","3","3","3","3","3","3","3","1","1"
"1","2","3","3","5","5","5","5","3","3","2","1"
"2","2","2","2","3","3","3","3","3","3","1","2"
"2","1","3","3","3","3","3","3","3","3","1","2"
"4","2","2","3","3","3","3","3","3","3","1","1"
"3","2","2","2","2","2","2","2","2","2","1","2"
"1","1","2","3","4","1","1","1","1","2","1","1"
"2","2","4","3","3","3","3","3","3","3","1","1"
"2","1","2","3","3","2","2","3","3","3","1","2"
"3","2","5","3","3","3","3","2","2","2","1","2"
"2","2","3","2","2","2","2","2","2","2","1","3"
"3","1","4","2","3","3","3","3","3","3","1","3"
"2","1","4","3","3","3","3","3","3","1","1","1"
"2","1","2","3","2","5","3","3","3","3","2","1"
"4","1","3","2","2","2","2","2","2","2","1","2"
"3","1","2","2","3","3","3","3","3","3","1","2"
"4","2","3","2","4","5","3","3","3","3","2","2"
"3","2","2","3","1","1","1","1","1","1","1","2"
"2","1","3","2","3","3","3","3","3","3","1","3"
"3","2","3","2","2","2","2","2","3","2","1","2"
"3","2","2","3","5","5","5","5","3","3","2","1"
"2","1","4","3","5","5","5","5","4","3","2","1"
"2","2","4","2","2","5","2","2","2","2","2","2"
"3","2","3","3","3","3","3","3","3","3","2","1"
"2","2","3","2","2","2","2","2","2","3","1","2"
"1","2","3","2","3","3","3","3","3","3","2","1"
"3","2","3","3","4","2","2","2","2","2","1","3"
"4","1","2","3","4","2","2","1","2","2","1","3"
"4","2","2","2","1","2","2","1","2","2","2","3"
"4","2","4","2","1","1","1","1","1","1","2","3"
"4","2","2","3","2","2","2","2","2","2","1","2"
"2","1","2","2","4","1","1","1","1","1","2","3"
"2","1","2","2","3","3","3","3","3","3","1","2"
"3","2","2","3","2","2","2","2","2","2","1","1"
"4","2","3","2","1","1","1","1","1","1","1","3"
"4","2","2","2","3","3","3","3","3","3","1","2"
"2","2","3","2","2","5","5","2","2","2","1","3"
"3","1","2","2","3","3","3","3","3","3","1","3"
"1","2","3","2","5","5","5","5","4","3","2","3"
"2","1","3","3","3","3","3","3","3","3","1","2"
"2","2","4","2","4","5","5","5","4","3","1","3"
"2","2","2","3","3","3","3","3","4","4","1","2"
"2","2","3","2","3","3","3","5","2","4","2","3"
"2","2","3","2","3","3","3","3","3","3","1","2"
"1","1","3","2","3","3","3","3","3","3","2","1"
"4","2","2","3","1","1","1","1","1","1","1","2"
"4","2","2","2","2","2","1","1","2","3","1","3"
"4","2","2","3","3","3","3","3","3","3","1","1"
"2","1","3","3","1","1","1","1","1","1","1","2"
"3","1","2","3","2","2","2","2","2","2","1","2"
"3","2","2","3","2","2","1","1","1","1","1","2"
"3","1","2","2","2","3","3","3","3","3","1","1"
"2","2","4","2","3","3","3","3","3","3","1","3"
"3","2","2","3","3","3","3","3","3","3","1","2"
"2","1","2","3","3","2","2","2","2","2","1","1"
"1","1","3","3","5","5","5","5","3","3","1","1"
"3","2","2","3","1","1","1","1","1","1","1","2"
"3","1","3","3","2","2","2","2","2","2","1","1"
"3","2","3","2","1","1","1","1","1","1","1","2"
"2","2","4","2","3","3","3","3","3","3","1","3"
"2","2","2","3","3","3","3","1","1","1","1","1"
"4","1","2","2","2","2","2","2","2","2","1","2"
"4","1","3","2","3","3","3","3","2","3","1","2"
"3","2","2","2","2","2","2","2","2","2","1","2"
"4","2","4","3","4","2","3","3","1","1","1","2"
"2","2","3","2","6","5","5","5","4","4","1","2"
"2","2","4","2","2","2","2","2","2","2","1","3"
"3","2","2","3","2","2","2","2","2","4","1","2"
"4","1","3","2","5","2","5","2","3","3","2","2"
"2","1","3","3","5","3","3","3","3","2","2","2"
"3","1","2","2","3","3","3","3","3","3","1","3"
"3","2","2","3","1","1","1","1","1","1","1","2"
"1","2","2","3","2","3","3","3","3","3","1","1"
"2","2","3","2","3","3","3","5","4","4","2","2"
"2","2","4","3","3","3","5","5","3","3","1","1"
"3","1","3","3","1","1","1","1","1","1","1","1"
"4","1","3","2","2","2","1","1","1","1","1","1"
"4","2","3","2","2","2","2","2","3","3","1","2"
"1","1","3","3","3","3","3","3","3","3","1","2"
"3","1","2","3","5","2","2","1","1","2","1","1"
"1","2","3","3","4","5","5","3","3","2","1","2"
"3","2","3","3","2","2","2","2","2","2","1","2"
"3","1","3","3","1","1","1","2","3","3","1","3"
"2","2","3","2","3","3","3","3","3","4","1","3"
"2","2","2","3","2","2","1","1","1","1","1","1"
"4","2","6","2","2","2","2","2","2","2","1","2"
"2","1","4","3","10","9","8","7","5","4","2","2"
"1","1","3","2","5","3","3","5","3","3","2","2"
"2","2","3","2","2","5","5","2","2","2","2","2"
"1","2","4","3","3","3","3","3","3","3","1","2"
"3","2","3","3","2","2","2","2","3","3","1","1"
"4","2","2","3","3","3","3","3","3","3","1","1"
"3","2","3","3","3","2","3","3","3","3","1","1"
"4","1","2","3","2","6","5","2","2","4","2","2"
"2","2","3","3","4","1","2","2","1","1","1","1"
"3","2","3","3","2","2","5","2","3","2","1","2"
"1","1","4","2","5","5","5","5","6","5","1","3"
"3","2","4","2","5","5","5","5","4","3","2","2"
"3","1","3","2","4","5","5","3","3","3","1","2"
"1","1","3","3","3","3","3","3","3","3","1","2"
"4","2","3","2","2","2","2","2","3","2","1","2"
"1","1","2","2","5","5","5","2","3","3","2","2"
"3","2","2","3","1","1","1","1","1","1","1","1"
"3","2","4","3","1","1","1","1","2","3","1","2"
"3","2","3","2","4","5","5","5","4","4","2","2"
"1","1","3","2","3","3","3","3","3","3","2","3"
"4","2","3","2","3","3","3","3","3","3","1","2"
"2","1","3","2","4","5","5","5","3","3","1","2"
"4","1","2","3","3","3","3","3","3","3","1","2"
"1","1","3","2","5","5","5","5","4","4","2","3"
"1","1","2","3","3","3","5","3","3","3","1","1"
"2","1","3","3","3","3","3","3","3","3","1","2"
"2","2","2","3","3","3","3","3","3","3","1","1"
"1","2","3","3","3","3","3","3","3","3","1","2"
"2","2","3","2","5","3","3","3","3","3","1","2"
"2","2","3","2","5","3","3","3","3","3","1","2"
"3","2","2","3","3","2","3","3","2","3","1","1"
"4","1","2","3","2","2","2","3","3","2","1","1"
"2","2","3","4","2","2","2","5","3","3","1","3"
"1","1","4","2","4","1","1","1","1","1","1","2"
"1","2","2","2","2","3","3","3","3","2","1","1"
"1","1","3","3","3","3","3","3","3","3","2","2"
"1","1","2","3","3","3","3","2","2","1","1","1"
"3","1","2","3","1","1","1","1","1","1","1","1"
"3","1","4","3","2","2","2","2","2","3","1","2"
"3","2","2","2","3","3","3","3","3","3","1","2"
"3","1","2","3","3","3","2","2","2","2","1","2"
"1","1","3","3","4","5","5","3","3","4","1","1"
"4","1","2","3","4","1","1","1","1","1","2","2"
"2","2","3","2","4","5","3","3","5","4","2","2"
"2","1","4","3","4","5","5","3","3","3","2","1"
"3","1","3","3","3","3","3","3","3","3","2","2"
"2","2","3","2","3","3","3","3","3","3","1","2"
"1","1","3","2","3","3","5","3","3","4","1","2"
"4","1","2","3","3","3","3","3","3","3","1","2"
"2","2","3","2","3","2","2","2","2","2","1","2"
"4","2","2","3","2","2","2","2","2","2","2","1"
"1","2","3","2","5","3","3","3","3","2","1","2"
"2","2","2","3","3","3","3","3","3","3","2","2"
"2","1","2","3","3","3","3","3","3","3","1","1"
"3","1","2","2","2","2","2","2","2","2","2","2"
"1","2","4","2","3","3","5","5","1","1","1","2"
"3","2","3","3","3","3","3","3","2","2","1","1"
"2","1","3","3","4","5","5","5","3","3","2","1"
"4","2","2","2","2","2","2","2","2","2","1","2"
"2","2","3","2","3","3","3","3","3","4","1","2"
"3","2","2","2","2","2","2","2","2","2","1","2"
"3","1","4","2","1","1","2","3","3","3","2","3"
"3","1","2","2","4","1","1","1","1","1","2","2"
"3","2","2","2","4","2","2","2","1","2","2","3"
"1","1","3","2","3","3","3","3","3","2","1","2"
"1","2","2","3","2","2","2","2","2","2","1","2"
"1","2","3","3","3","2","2","3","2","2","1","1"
"4","2","2","3","1","1","1","1","1","1","1","2"
"2","2","7","3","3","3","3","3","2","3","1","3"
"2","1","3","3","2","2","2","2","2","2","1","2"
"1","1","4","3","3","3","3","3","3","3","1","3"
"4","2","2","3","3","3","3","3","3","3","1","2"
"3","2","3","2","3","3","3","3","3","3","1","2"
"3","1","2","2","2","2","2","2","2","2","1","2"
"4","2","2","2","3","3","3","3","3","3","1","2"
"4","2","2","2","3","3","3","3","3","3","1","3"
"1","2","2","3","3","3","3","3","3","3","1","1"
"1","2","4","3","4","2","2","1","1","1","2","1"
"4","1","3","3","3","3","3","3","3","3","1","1"
"4","1","2","3","1","1","1","1","1","1","1","2"
"1","1","2","3","3","3","3","3","3","3","1","1"
"3","2","3","2","2","2","2","2","1","1","1","1"
"2","1","2","3","3","3","3","3","3","3","1","1"
"4","2","3","2","3","3","2","3","2","3","1","3"
"2","2","3","2","3","3","3","3","2","2","1","3"
"3","2","2","3","3","3","3","3","3","3","1","1"
"4","2","2","2","3","3","3","3","3","3","1","2"
"2","1","2","3","3","3","3","3","3","3","1","2"
"1","1","3","3","4","5","5","5","4","4","2","1"
"2","1","3","2","4","5","5","5","4","4","2","2"
"4","1","2","2","1","1","1","1","1","1","1","3"
"2","2","2","3","3","2","2","2","2","3","1","1"
"4","1","2","3","2","2","2","2","2","2","1","2"
"1","1","3","3","8","7","6","5","3","3","1","3"
"2","1","2","3","5","3","3","5","4","4","2","1"
"1","2","3","2","3","3","3","3","3","3","1","2"
"3","2","5","3","1","1","1","1","1","1","2","1"
"1","1","2","3","3","3","3","3","3","3","1","2"
"4","1","3","2","3","3","3","3","3","3","1","2"
"1","2","3","3","5","5","10","10","9","9","2","1"
"1","2","3","2","5","5","5","5","4","4","2","1"
"1","2","3","2","3","3","3","3","3","3","1","2"
"2","2","4","2","3","3","3","3","3","3","1","3"
"3","2","2","2","4","1","2","2","2","1","2","2"
"1","2","4","3","5","3","3","3","2","3","2","1"
"2","2","3","2","3","3","3","3","3","1","1","1"
"1","1","2","3","4","2","2","3","3","3","1","1"
"3","2","3","3","3","3","3","3","3","3","1","1"
"4","2","3","3","3","3","2","2","2","2","1","2"
"2","2","3","2","3","3","3","3","3","3","1","3"
"2","2","4","3","4","1","1","2","4","2","1","1"
"4","1","2","2","3","3","3","3","3","3","1","2"
"3","2","4","3","2","2","1","1","1","2","1","1"
"1","2","2","3","3","3","3","3","3","3","1","1"
"3","2","3","3","3","3","3","3","3","3","1","3"
"2","2","3","3","3","3","3","3","3","3","1","1"
"2","1","3","3","2","2","2","2","2","2","1","2"
"4","2","2","3","2","2","2","2","2","2","1","1"
"3","1","3","4","3","3","3","3","3","3","1","1"
"1","1","3","3","3","3","3","3","3","3","2","2"
"2","1","3","3","2","2","5","3","2","4","1","1"
"4","1","3","2","1","1","2","5","4","1","1","2"
"3","2","3","2","2","3","3","3","3","3","1","2"
"2","1","2","2","3","3","3","3","3","3","1","2"
"1","1","3","3","2","2","3","3","3","3","1","1"
"2","2","4","2","3","3","3","3","3","3","1","4"
"3","1","4","2","3","3","3","3","3","3","1","2"
"3","2","4","2","2","2","2","2","2","2","1","3"
"2","1","3","2","3","3","3","3","4","4","2","2"
"2","1","2","3","3","3","3","3","3","3","1","2"
"3","2","2","3","3","3","3","3","3","3","1","1"
"4","2","2","2","3","3","3","3","3","3","1","2"
"4","2","2","2","1","2","2","2","2","2","1","3"
"2","2","3","2","3","3","3","3","3","3","1","3"
"3","2","3","3","3","3","3","3","1","1","1","2"
"3","2","3","3","3","3","3","3","3","3","1","2"
"3","2","3","2","1","1","1","1","1","1","1","2"
"2","1","3","3","4","1","1","2","2","2","2","2"
"4","1","2","3","4","1","1","1","1","1","2","2"
"3","2","2","2","1","1","1","1","1","1","1","2"
"1","1","2","3","3","3","3","3","4","3","1","1"
"1","2","3","2","3","3","3","5","3","3","2","2"
"4","1","2","2","2","2","2","3","3","2","2","1"
"3","2","6","3","1","1","2","2","3","3","1","2"
"1","1","3","2","3","3","3","3","3","3","1","1"
"1","1","3","3","3","3","3","3","3","3","2","2"
"4","2","3","3","3","3","3","3","3","3","1","1"
"2","2","3","3","3","3","5","3","3","3","1","1"
"2","1","3","2","3","3","3","3","3","3","1","2"
"1","1","3","2","3","3","3","5","4","3","1","2"
"2","1","3","3","3","3","3","3","3","3","1","1"
"3","2","3","3","3","3","3","3","3","3","1","1"
"2","2","2","3","2","2","3","3","3","2","1","1"
"4","2","4","3","2","2","2","2","2","2","1","1"
"1","1","4","2","3","3","3","3","3","3","1","2"
"3","2","2","2","3","3","3","3","3","3","1","3"
"1","2","4","2","2","2","2","2","2","2","1","3"
"1","1","3","3","3","3","3","3","3","3","2","2"
"4","1","2","3","1","1","1","1","1","1","1","2"
"3","2","4","2","3","3","3","3","3","3","1","2"
"1","1","3","3","4","5","5","3","3","3","1","1"
"3","2","3","3","3","3","3","3","3","4","1","1"
"2","1","3","3","3","3","3","3","3","3","1","2"
"3","2","6","2","1","1","1","1","1","1","1","2"
"2","2","3","2","2","3","3","3","3","3","1","2"
"4","1","3","2","1","1","1","1","1","1","1","2"
"3","1","2","3","4","1","2","3","2","2","1","1"
"2","2","3","2","3","3","3","3","3","3","1","2"
"2","2","3","3","3","3","3","3","3","3","1","2"
"1","1","2","3","3","3","3","3","3","3","1","2"
"3","2","2","2","2","2","2","2","2","2","1","2"
"3","1","3","2","3","3","3","3","3","3","1","2"
"2","2","2","3","2","2","2","2","2","2","1","1"
"4","1","2","3","2","5","2","3","3","3","1","2"
"3","1","2","2","2","2","2","2","2","2","1","2"
"2","1","3","2","3","3","3","3","3","3","1","3"
"2","2","3","3","4","5","3","3","4","3","1","1"
"4","1","2","3","3","3","3","3","3","3","1","1"
"2","1","2","3","4","5","5","2","2","2","2","2"
"2","2","2","2","5","3","3","3","3","4","1","2"
"3","1","3","3","3","3","3","3","3","3","2","1"
"1","2","3","2","3","3","5","5","4","4","1","3"
"2","1","2","3","2","2","2","2","2","1","1","2"
"3","2","2","3","3","3","3","3","3","3","1","1"
"3","2","3","3","2","2","2","2","2","2","2","1"
"2","2","3","2","3","2","3","3","2","2","1","2"
"2","2","2","3","2","2","1","1","1","1","1","1"
"2","2","4","3","3","3","3","3","3","3","1","1"
"2","2","3","3","1","1","1","1","1","1","2","2"
"4","2","2","2","3","3","3","3","3","3","1","2"
"1","2","4","2","3","3","3","3","3","3","1","3"
"2","2","3","3","2","2","1","1","1","1","1","1"
"1","2","2","2","3","3","3","3","2","3","1","2"
"3","1","2","3","4","2","3","3","3","3","1","1"
"1","1","3","3","3","3","3","3","3","3","1","1"
"4","2","3","3","3","3","3","3","3","3","1","2"
"4","1","2","2","2","2","2","2","2","2","1","2"
"4","1","3","2","3","3","3","3","3","3","1","2"
"4","2","3","3","2","2","2","2","3","2","1","2"
"1","2","4","2","3","3","3","3","3","1","1","1"
"4","2","3","2","3","3","1","1","1","1","1","1"
"4","2","2","3","2","2","3","2","2","2","1","2"
"3","2","3","2","3","3","3","2","2","2","1","1"
"2","2","4","3","3","3","3","3","3","3","1","3"
"2","2","4","2","3","3","3","3","3","3","2","2"
"1","1","3","3","3","3","3","3","3","3","1","1"
"1","2","2","3","3","3","3","3","3","3","1","1"
"3","1","4","2","1","1","1","1","1","1","2","3"
"2","2","3","2","3","3","3","3","3","3","1","2"
"1","1","2","3","3","3","3","3","3","3","1","2"
"2","1","2","3","3","3","3","5","3","3","1","3"
"3","2","2","3","2","2","2","2","2","2","1","2"
"3","2","2","2","1","1","1","1","1","1","1","2"
"2","1","2","3","3","3","3","3","3","4","1","2"
"1","1","3","3","5","5","5","5","4","5","1","1"
"1","1","4","2","2","2","3","3","3","3","1","3"
"1","2","2","3","3","3","3","3","3","2","1","1"
"3","2","3","2","2","2","2","2","2","2","2","3"
"2","1","3","3","3","3","3","3","3","3","1","1"
"3","2","2","2","4","1","1","1","1","1","1","3"
"4","2","2","2","3","3","3","3","2","3","1","2"
"2","2","6","3","2","2","2","2","2","2","1","2"
"1","2","3","3","3","3","5","5","3","3","1","1"
"2","1","4","2","3","3","3","3","3","2","1","2"
"1","2","3","3","6","5","5","3","3","4","1","3"
"4","1","2","2","2","2","1","1","1","1","1","2"
"4","2","4","2","5","6","5","5","3","3","1","1"
"1","2","2","3","2","2","5","2","2","1","1","1"
"4","1","3","2","3","3","3","3","3","3","1","2"
"3","2","3","3","2","2","2","2","1","1","2","2"
"4","2","2","3","3","3","3","3","3","3","1","2"
"4","2","2","2","5","3","3","5","4","4","2","2"
"1","1","4","3","4","5","6","5","4","4","1","1"
"1","2","3","2","2","3","3","1","1","2","2","1"
"3","2","4","3","3","3","3","3","3","3","1","1"
"2","1","4","2","2","2","2","2","2","2","2","2"
"2","2","3","2","3","3","3","3","3","3","2","2"
"1","2","2","3","4","1","1","1","1","1","1","2"
"2","2","2","3","3","3","3","3","3","1","1","1"
"1","1","3","2","2","2","5","5","1","1","1","2"
"2","2","4","2","3","3","3","3","3","3","1","3"
"4","2","2","3","3","3","3","3","3","3","1","2"
"3","2","3","2","3","3","3","3","3","3","1","2"
"4","1","3","3","2","2","2","2","3","2","1","2"
"1","1","4","2","3","3","3","3","3","3","1","2"
"3","2","3","3","3","3","3","3","3","3","1","1"
"2","2","3","3","3","3","3","3","3","3","1","1"
"1","1","3","3","3","3","3","3","3","3","1","3"
"2","2","3","3","3","3","3","3","3","3","1","1"
"3","2","4","2","1","1","1","1","1","1","1","2"
"4","2","4","2","3","3","3","3","3","3","1","3"
"2","1","3","2","3","3","3","3","3","3","1","2"
"3","1","3","2","3","3","2","2","3","3","1","2"
"1","1","3","3","3","3","5","5","3","3","1","3"
"2","2","3","2","4","1","1","1","2","2","1","2"
"4","1","3","3","3","3","3","3","3","3","1","1"
"2","1","2","3","4","5","5","3","3","3","1","2"
"3","2","2","3","2","3","2","2","2","2","1","1"
"2","1","4","3","3","3","3","3","3","3","1","2"
"3","1","2","3","5","5","3","3","3","4","2","2"
"3","2","4","2","2","2","2","2","2","2","1","2"
"2","1","3","2","3","3","2","2","1","2","2","3"
"2","1","3","3","5","5","3","3","3","3","2","1"
"2","2","4","3","3","3","3","3","3","3","1","1"
"4","2","2","3","3","3","3","3","3","3","1","2"
"2","2","2","2","3","3","3","3","3","3","1","2"
"1","2","2","3","3","3","3","3","3","3","2","2"
"2","2","4","2","2","2","2","2","2","2","1","2"
"1","2","3","2","3","3","3","3","3","3","1","1"
"1","2","3","3","1","1","1","1","1","1","1","1"
"2","2","3","2","5","5","3","3","4","4","2","2"
"1","2","3","3","2","2","3","3","3","3","2","3"
"1","2","3","2","4","5","3","3","3","3","2","2"
"4","2","3","3","3","3","1","1","1","1","1","2"
"1","1","2","3","7","6","5","5","4","4","1","1"
"4","2","3","2","2","2","1","1","1","2","1","2"
"4","2","2","3","3","2","2","2","3","2","1","2"
"3","1","3","3","5","5","3","3","3","3","1","1"
"1","1","3","3","2","3","3","3","3","3","2","1"
"1","2","2","3","3","3","5","3","3","3","1","1"
"3","1","2","3","2","2","2","2","2","2","1","1"
"2","1","2","3","2","2","2","2","2","2","1","2"
"3","1","3","3","3","3","3","3","3","3","2","2"
"2","1","3","3","2","2","2","2","2","2","1","2"
"2","2","3","3","3","3","3","3","3","3","2","1"
"2","1","2","3","3","3","3","3","4","4","1","1"
"1","1","2","4","3","3","3","3","3","3","1","2"
"1","2","2","2","3","3","3","3","3","3","1","2"
"2","2","4","2","3","3","3","3","3","3","2","2"
"1","1","3","3","3","3","3","3","3","3","1","1"
"4","2","2","2","2","2","2","5","2","2","1","2"
"3","2","2","3","7","7","7","6","4","4","2","2"
"3","2","2","3","2","2","2","2","2","2","2","2"
"2","1","2","3","3","3","5","5","3","3","1","1"
"4","1","3","2","2","2","5","2","2","2","2","3"
"3","2","3","2","8","9","8","7","5","4","2","1"
"3","1","3","2","1","1","1","1","1","1","1","3"
"3","2","2","3","2","2","2","3","3","3","1","1"
"4","2","2","2","4","2","5","5","2","2","1","3"
"3","2","3","3","3","3","3","3","3","3","1","2"
"2","2","2","3","3","3","3","3","3","3","1","1"
"3","2","2","3","2","2","1","1","1","1","1","2"
"1","1","2","3","4","1","1","1","2","3","1","1"
"3","2","2","3","3","3","3","3","3","3","1","1"
"2","1","3","3","4","5","5","5","4","3","1","2"
"1","2","2","2","1","1","1","1","1","1","1","2"
"4","2","3","3","3","3","3","3","3","3","1","1"
"1","2","4","3","3","3","3","3","3","3","1","2"
"2","1","2","3","3","3","3","3","3","3","1","1"
"1","2","4","3","5","5","5","5","4","4","2","2"
"3","1","3","3","2","2","2","2","2","2","1","1"
"1","1","3","4","3","3","3","3","3","3","1","3"
"2","2","2","2","3","3","3","3","3","3","1","2"
"3","1","1","3","3","3","3","3","2","2","1","1"
"1","1","3","3","5","3","3","3","3","3","1","1"
"3","2","2","3","4","1","1","1","1","1","1","2"
"1","1","2","3","3","3","3","3","3","3","1","1"
"2","1","3","2","3","3","3","3","3","3","1","3"
"2","2","4","3","3","3","3","3","3","3","1","2"
"4","2","2","2","3","3","2","2","3","2","1","2"
"3","2","3","3","3","3","3","3","3","3","2","2"
"2","2","3","3","3","3","3","3","3","3","1","2"
"4","2","3","2","3","2","2","2","2","2","1","4"
"3","2","2","3","2","2","2","2","2","2","1","2"
"3","2","2","2","4","1","1","2","3","3","1","3"
"1","2","4","2","5","5","1","1","1","2","2","3"
"4","1","2","2","2","2","2","2","2","2","1","2"
"2","2","3","2","4","1","1","1","1","1","1","1"
"3","2","3","3","3","3","3","3","3","3","2","2"
"2","1","3","3","3","3","3","2","3","3","1","1"
"2","1","2","3","3","3","3","5","3","3","2","1"
"1","2","3","3","3","3","3","3","3","3","1","1"
